Timestamp,Station Name,Latitude,Longitude,AQI,PM2.5,PM10,CO,NO2,O3,SO2,Temperature,Humidity,Pressure,Wind Speed,Air Quality Level
2025-05-08 09:00:00,"Hà Nội/TT giao lưu văn hóa phố cổ - Hoàn Kiếm, Vietnam",21.035584,105.852771,54,54,21.0,0.1,29.6,,,31.0,79.0,1005.0,3.8,Trung bình
2025-05-08 10:00:00,"Hà Nội/Chi cục BVMT, Vietnam",21.01525,105.80013,93,93,,0.1,,,,32.0,74.0,1005.0,3.6,Trung bình
2025-05-08 10:00:00,"Bắc Ninh/UBND_xã Xuân Lâm, Vietnam",21.0243474,106.0172877,106,106,70.0,2.0,,69.0,,31.0,79.0,1005.0,3.8,Không tốt cho nhóm nhạy cảm
2025-05-08 09:00:00,"Hà Nội/UBND xã An Khánh - Hoài Đức, Vietnam",21.002383,105.718038,70,70,24.0,0.1,14.0,,,31.0,79.0,1005.0,3.8,Trung bình
2025-05-08 09:00:00,"Hà Nội/Mầm non Vân Hà – Đông Anh, Vietnam",21.148273,105.913306,55,55,18.0,0.1,4.8,,,31.0,79.0,1005.0,3.8,Trung bình
2025-05-08 10:00:00,"Bắc Ninh/Phù Xá - Văn Môn, Vietnam",21.1638526,105.9235646,9,9,7.0,1.0,,4.0,116.0,32.0,74.0,1005.0,3.6,Tốt
2025-05-08 10:00:00,"Thái nguyên/Đường Hùng Vương - Tp Thái Nguyên, Vietnam",21.593151,105.8431043,52,52,42.0,2.0,,,4.0,31.0,79.0,1005.0,3.8,Trung bình
2025-05-08 10:00:00,"Lạng Sơn/phường Chi Lăng - TP Lạng Sơn, Vietnam",21.843325,106.7506,-,16,9.0,1.0,,8.0,9.0,27.4,84.2,973.5,3.0,Không xác định
2025-05-08 10:00:00,"Viet Tri, Vietnam (Tp Việt Trì)",21.33847,105.3673,51,51,34.0,12.0,19.0,100.0,14.0,32.0,74.0,1005.0,3.6,Trung bình
2025-04-24 07:00:00,"Ninh Bình/Cúc Phương, Đông Phong, Nho Quan - KTTV - Trạm cảm biến, Vietnam",20.320741,105.745489,66,66,40.0,100.0,11.0,1.0,2.0,27.0,83.0,1008.0,3.0,Trung bình
2025-05-06 10:00:00,"Thanh Hoá/UBND P. Lam Sơn, TX. Bỉm Sơn, Vietnam",19.91053,105.4039,14,14,11.0,5.0,,1.0,22.0,27.4,88.9,1006.2,1.0,Tốt
2025-05-08 09:00:00,"Thừa Thiên Huế/83 Hùng Vương, Vietnam",16.46226,107.596351,17,17,16.0,6.0,6.0,4.0,26.0,33.5,55.5,1006.0,1.2,Tốt
2025-05-08 10:00:00,"Da Nang, Vietnam (TP Đà Nẵng)",16.074,108.217,51,51,35.0,3.0,19.0,,,33.0,62.0,1007.0,2.3,Trung bình
2025-04-24 09:00:00,"Gia Lai/Phù Đổng, Thành phố Pleiku - KTTV - Trạm cảm biến, Vietnam",13.968848,108.017617,46,46,45.0,19.0,113.0,5.0,43.0,23.0,86.9,925.6,2.0,Tốt
2025-05-06 20:00:00,"Nha Trang, Vietnam",12.284358,109.192524,40,40,27.0,7.0,12.0,11.0,,30.0,70.0,1008.0,1.2,Tốt
2025-05-08 10:00:00,"Vũng Tàu/Tiểu học Tóc Tiên - TX.Phú Mỹ, Vietnam",10.589853,107.131743,58,40,58.0,2.0,5.0,6.0,3.0,34.0,52.0,1008.0,4.1,Trung bình
2025-05-08 10:00:00,"Vũng Tàu/Ngã tư Giếng nước - Tp.Vũng Tàu, Vietnam",10.367976,107.0844,18,18,13.0,2.0,2.0,7.0,3.0,33.3,65.3,1008.5,2.0,Tốt
2025-05-08 11:00:00,"Hà Nội/TT giao lưu văn hóa phố cổ - Hoàn Kiếm, Vietnam",21.035584,105.852771,68,68,27.0,0.1,22.8,,,33.5,70.5,1003.5,3.0,Trung bình
2025-05-08 11:00:00,"Hà Nội/Chi cục BVMT, Vietnam",21.01525,105.80013,83,83,,0.1,,,,33.0,75.0,1004.0,3.6,Trung bình
2025-05-08 11:00:00,"Bắc Ninh/UBND_xã Xuân Lâm, Vietnam",21.0243474,106.0172877,119,119,73.0,2.0,,182.0,,32.0,74.0,1004.5,3.3,Không tốt cho nhóm nhạy cảm
2025-05-08 10:00:00,"Hà Nội/UBND xã An Khánh - Hoài Đức, Vietnam",21.002383,105.718038,89,89,31.0,0.1,10.9,,,32.0,74.0,1004.5,3.3,Trung bình
2025-05-08 11:00:00,"Hà Nội/Mầm non Vân Hà – Đông Anh, Vietnam",21.148273,105.913306,81,81,29.0,0.1,5.1,,,33.5,70.5,1003.5,3.0,Trung bình
2025-05-08 11:00:00,"Bắc Ninh/Phù Xá - Văn Môn, Vietnam",21.1638526,105.9235646,10,10,8.0,1.0,,3.0,119.0,33.0,75.0,1004.0,3.6,Tốt
2025-05-08 11:00:00,"Thái nguyên/Đường Hùng Vương - Tp Thái Nguyên, Vietnam",21.593151,105.8431043,59,59,43.0,2.0,,,4.0,32.0,74.0,1004.5,3.3,Trung bình
2025-05-08 11:00:00,"Lạng Sơn/phường Chi Lăng - TP Lạng Sơn, Vietnam",21.843325,106.7506,-,16,9.0,1.0,,12.0,10.0,29.0,78.1,974.5,2.0,Không xác định
2025-05-08 11:00:00,"Viet Tri, Vietnam (Tp Việt Trì)",21.33847,105.3673,53,53,34.0,12.0,19.0,124.0,13.0,32.0,74.0,1004.5,3.3,Trung bình
2025-04-24 07:00:00,"Ninh Bình/Cúc Phương, Đông Phong, Nho Quan - KTTV - Trạm cảm biến, Vietnam",20.320741,105.745489,66,66,40.0,100.0,11.0,1.0,2.0,27.0,83.0,1008.0,3.0,Trung bình
2025-05-06 10:00:00,"Thanh Hoá/UBND P. Lam Sơn, TX. Bỉm Sơn, Vietnam",19.91053,105.4039,14,14,11.0,5.0,,1.0,22.0,27.4,88.9,1006.2,1.0,Tốt
2025-05-08 10:00:00,"Thừa Thiên Huế/83 Hùng Vương, Vietnam",16.46226,107.596351,17,17,15.0,5.0,5.0,4.0,26.0,34.5,52.5,1005.5,1.5,Tốt
2025-05-08 11:00:00,"Da Nang, Vietnam (TP Đà Nẵng)",16.074,108.217,44,44,30.0,3.0,19.0,,,33.5,62.5,1006.0,3.0,Tốt
2025-04-24 09:00:00,"Gia Lai/Phù Đổng, Thành phố Pleiku - KTTV - Trạm cảm biến, Vietnam",13.968848,108.017617,46,46,45.0,19.0,113.0,5.0,43.0,23.0,86.9,925.6,2.0,Tốt
2025-05-06 20:00:00,"Nha Trang, Vietnam",12.284358,109.192524,40,40,27.0,7.0,12.0,11.0,,30.0,70.0,1008.0,1.2,Tốt
2025-05-08 11:00:00,"Vũng Tàu/Tiểu học Tóc Tiên - TX.Phú Mỹ, Vietnam",10.589853,107.131743,55,33,55.0,2.0,3.0,7.0,4.0,33.5,55.5,1008.0,4.1,Trung bình
2025-05-08 11:00:00,"Vũng Tàu/Ngã tư Giếng nước - Tp.Vũng Tàu, Vietnam",10.367976,107.0844,16,16,11.0,2.0,2.0,7.0,3.0,34.2,60.0,1007.8,3.3,Tốt
2025-05-08 11:00:00,"Hà Nội/TT giao lưu văn hóa phố cổ - Hoàn Kiếm, Vietnam",21.035584,105.852771,68,68,27.0,0.1,22.8,,,33.5,70.5,1003.5,3.0,Trung bình
2025-05-08 12:00:00,"Hà Nội/Chi cục BVMT, Vietnam",21.01525,105.80013,104,104,,0.1,,,,33.0,70.0,1003.0,3.6,Không tốt cho nhóm nhạy cảm
2025-05-08 12:00:00,"Bắc Ninh/UBND_xã Xuân Lâm, Vietnam",21.0243474,106.0172877,129,129,74.0,2.0,,134.0,,33.0,70.0,1003.0,3.6,Không tốt cho nhóm nhạy cảm
2025-05-08 12:00:00,"Hà Nội/UBND xã An Khánh - Hoài Đức, Vietnam",21.002383,105.718038,79,79,27.0,0.1,10.8,,,33.5,68.0,1003.0,3.6,Trung bình
2025-05-08 11:00:00,"Hà Nội/Mầm non Vân Hà – Đông Anh, Vietnam",21.148273,105.913306,81,81,29.0,0.1,5.1,,,33.5,70.5,1003.5,3.0,Trung bình
2025-05-08 12:00:00,"Bắc Ninh/Phù Xá - Văn Môn, Vietnam",21.1638526,105.9235646,11,11,9.0,1.0,,2.0,123.0,33.0,70.0,1003.0,3.6,Tốt
2025-05-08 12:00:00,"Thái nguyên/Đường Hùng Vương - Tp Thái Nguyên, Vietnam",21.593151,105.8431043,82,82,46.0,2.0,,,3.0,33.0,70.0,1003.0,3.6,Trung bình
2025-05-08 12:00:00,"Lạng Sơn/phường Chi Lăng - TP Lạng Sơn, Vietnam",21.843325,106.7506,-,16,9.0,1.0,,19.0,9.0,29.0,78.1,974.5,2.0,Không xác định
2025-05-08 12:00:00,"Viet Tri, Vietnam (Tp Việt Trì)",21.33847,105.3673,54,54,34.0,13.0,19.0,145.0,13.0,33.5,70.5,1003.5,3.0,Trung bình
2025-04-24 07:00:00,"Ninh Bình/Cúc Phương, Đông Phong, Nho Quan - KTTV - Trạm cảm biến, Vietnam",20.320741,105.745489,66,66,40.0,100.0,11.0,1.0,2.0,27.0,83.0,1008.0,3.0,Trung bình
2025-05-06 10:00:00,"Thanh Hoá/UBND P. Lam Sơn, TX. Bỉm Sơn, Vietnam",19.91053,105.4039,14,14,11.0,5.0,,1.0,22.0,27.4,88.9,1006.2,1.0,Tốt
2025-05-08 11:00:00,"Thừa Thiên Huế/83 Hùng Vương, Vietnam",16.46226,107.596351,20,20,16.0,6.0,6.0,4.0,26.0,36.0,50.0,1004.0,3.6,Tốt
2025-05-08 12:00:00,"Da Nang, Vietnam (TP Đà Nẵng)",16.074,108.217,40,40,27.0,3.0,19.0,,,34.0,59.0,1005.0,4.1,Tốt
2025-04-24 09:00:00,"Gia Lai/Phù Đổng, Thành phố Pleiku - KTTV - Trạm cảm biến, Vietnam",13.968848,108.017617,46,46,45.0,19.0,113.0,5.0,43.0,23.0,86.9,925.6,2.0,Tốt
2025-05-06 20:00:00,"Nha Trang, Vietnam",12.284358,109.192524,40,40,27.0,7.0,12.0,11.0,,30.0,70.0,1008.0,1.2,Tốt
2025-05-08 12:00:00,"Vũng Tàu/Tiểu học Tóc Tiên - TX.Phú Mỹ, Vietnam",10.589853,107.131743,55,32,55.0,3.0,4.0,8.0,4.0,35.0,53.0,1007.0,5.6,Trung bình
2025-05-08 12:00:00,"Vũng Tàu/Ngã tư Giếng nước - Tp.Vũng Tàu, Vietnam",10.367976,107.0844,14,14,10.0,2.0,2.0,7.0,3.0,34.6,58.3,1006.8,4.0,Tốt
2025-05-08 13:00:00,"Hà Nội/TT giao lưu văn hóa phố cổ - Hoàn Kiếm, Vietnam",21.035584,105.852771,55,55,21.0,0.1,17.1,,,35.0,63.0,1001.5,3.0,Trung bình
2025-05-08 13:00:00,"Hà Nội/Chi cục BVMT, Vietnam",21.01525,105.80013,92,92,,0.1,,,,35.0,63.0,1002.0,3.0,Trung bình
2025-05-08 13:00:00,"Bắc Ninh/UBND_xã Xuân Lâm, Vietnam",21.0243474,106.0172877,126,126,73.0,2.0,,102.0,,35.0,63.0,1002.0,3.0,Không tốt cho nhóm nhạy cảm
2025-05-08 13:00:00,"Hà Nội/UBND xã An Khánh - Hoài Đức, Vietnam",21.002383,105.718038,71,71,24.0,0.1,11.6,,,35.0,63.0,1001.5,3.0,Trung bình
2025-05-08 13:00:00,"Hà Nội/Mầm non Vân Hà – Đông Anh, Vietnam",21.148273,105.913306,71,71,25.0,0.1,6.5,,,35.0,63.0,1001.5,3.0,Trung bình
2025-05-08 13:00:00,"Bắc Ninh/Phù Xá - Văn Môn, Vietnam",21.1638526,105.9235646,12,12,9.0,1.0,,1.0,130.0,33.5,68.0,1003.0,3.6,Tốt
2025-05-08 13:00:00,"Thái nguyên/Đường Hùng Vương - Tp Thái Nguyên, Vietnam",21.593151,105.8431043,86,86,50.0,2.0,,,3.0,33.5,68.0,1003.0,3.6,Trung bình
2025-05-08 13:00:00,"Lạng Sơn/phường Chi Lăng - TP Lạng Sơn, Vietnam",21.843325,106.7506,-,16,9.0,1.0,,25.0,9.0,29.0,78.1,974.5,2.0,Không xác định
2025-05-08 13:00:00,"Viet Tri, Vietnam (Tp Việt Trì)",21.33847,105.3673,54,54,33.0,13.0,18.0,172.0,15.0,33.5,68.0,1003.0,3.6,Trung bình
2025-04-24 07:00:00,"Ninh Bình/Cúc Phương, Đông Phong, Nho Quan - KTTV - Trạm cảm biến, Vietnam",20.320741,105.745489,66,66,40.0,100.0,11.0,1.0,2.0,27.0,83.0,1008.0,3.0,Trung bình
2025-05-06 10:00:00,"Thanh Hoá/UBND P. Lam Sơn, TX. Bỉm Sơn, Vietnam",19.91053,105.4039,14,14,11.0,5.0,,1.0,22.0,27.4,88.9,1006.2,1.0,Tốt
2025-05-08 12:00:00,"Thừa Thiên Huế/83 Hùng Vương, Vietnam",16.46226,107.596351,23,23,19.0,3.0,6.0,5.0,26.0,35.5,53.0,1004.0,4.1,Tốt
2025-05-08 13:00:00,"Da Nang, Vietnam (TP Đà Nẵng)",16.074,108.217,39,39,26.0,3.0,19.0,,,34.0,59.0,1005.0,4.3,Tốt
2025-04-24 09:00:00,"Gia Lai/Phù Đổng, Thành phố Pleiku - KTTV - Trạm cảm biến, Vietnam",13.968848,108.017617,46,46,45.0,19.0,113.0,5.0,43.0,23.0,86.9,925.6,2.0,Tốt
2025-05-06 20:00:00,"Nha Trang, Vietnam",12.284358,109.192524,40,40,27.0,7.0,12.0,11.0,,30.0,70.0,1008.0,1.2,Tốt
2025-05-08 13:00:00,"Vũng Tàu/Tiểu học Tóc Tiên - TX.Phú Mỹ, Vietnam",10.589853,107.131743,51,30,51.0,2.0,5.0,9.0,4.0,34.0,56.0,1006.0,4.6,Trung bình
2025-05-08 13:00:00,"Vũng Tàu/Ngã tư Giếng nước - Tp.Vũng Tàu, Vietnam",10.367976,107.0844,18,18,12.0,2.0,2.0,18.0,3.0,34.8,59.0,1005.9,4.0,Tốt
2025-05-08 13:00:00,"Hà Nội/TT giao lưu văn hóa phố cổ - Hoàn Kiếm, Vietnam",21.035584,105.852771,55,55,21.0,0.1,17.1,,,35.0,63.0,1001.5,3.0,Trung bình
2025-05-08 14:00:00,"Hà Nội/Chi cục BVMT, Vietnam",21.01525,105.80013,103,103,,0.1,,,,35.0,63.0,1001.0,4.1,Không tốt cho nhóm nhạy cảm
2025-05-08 14:00:00,"Bắc Ninh/UBND_xã Xuân Lâm, Vietnam",21.0243474,106.0172877,122,122,70.0,2.0,,96.0,,35.0,63.0,1001.0,4.1,Không tốt cho nhóm nhạy cảm
2025-05-08 13:00:00,"Hà Nội/UBND xã An Khánh - Hoài Đức, Vietnam",21.002383,105.718038,71,71,24.0,0.1,11.6,,,35.0,63.0,1001.5,3.0,Trung bình
2025-05-08 13:00:00,"Hà Nội/Mầm non Vân Hà – Đông Anh, Vietnam",21.148273,105.913306,71,71,25.0,0.1,6.5,,,35.0,63.0,1001.5,3.0,Trung bình
2025-05-08 14:00:00,"Bắc Ninh/Phù Xá - Văn Môn, Vietnam",21.1638526,105.9235646,-,11,8.0,1.0,,1.0,135.0,35.0,63.0,1001.5,3.0,Không xác định
2025-05-08 14:00:00,"Thái nguyên/Đường Hùng Vương - Tp Thái Nguyên, Vietnam",21.593151,105.8431043,61,61,51.0,2.0,,,3.0,35.0,63.0,1001.0,4.1,Trung bình
2025-05-08 14:00:00,"Lạng Sơn/phường Chi Lăng - TP Lạng Sơn, Vietnam",21.843325,106.7506,-,16,9.0,1.0,,27.0,10.0,32.6,62.8,972.0,1.0,Không xác định
2025-05-08 14:00:00,"Viet Tri, Vietnam (Tp Việt Trì)",21.33847,105.3673,53,53,32.0,13.0,16.0,176.0,15.0,35.0,63.0,1001.5,3.0,Trung bình
2025-04-24 07:00:00,"Ninh Bình/Cúc Phương, Đông Phong, Nho Quan - KTTV - Trạm cảm biến, Vietnam",20.320741,105.745489,66,66,40.0,100.0,11.0,1.0,2.0,27.0,83.0,1008.0,3.0,Trung bình
2025-05-06 10:00:00,"Thanh Hoá/UBND P. Lam Sơn, TX. Bỉm Sơn, Vietnam",19.91053,105.4039,14,14,11.0,5.0,,1.0,22.0,27.4,88.9,1006.2,1.0,Tốt
2025-05-08 13:00:00,"Thừa Thiên Huế/83 Hùng Vương, Vietnam",16.46226,107.596351,22,22,18.0,3.0,6.0,5.0,26.0,35.0,53.0,1003.0,4.3,Tốt
2025-05-08 14:00:00,"Da Nang, Vietnam (TP Đà Nẵng)",16.074,108.217,35,35,23.0,3.0,19.0,,,33.0,66.0,1003.0,4.6,Tốt
2025-04-24 09:00:00,"Gia Lai/Phù Đổng, Thành phố Pleiku - KTTV - Trạm cảm biến, Vietnam",13.968848,108.017617,46,46,45.0,19.0,113.0,5.0,43.0,23.0,86.9,925.6,2.0,Tốt
2025-05-06 20:00:00,"Nha Trang, Vietnam",12.284358,109.192524,40,40,27.0,7.0,12.0,11.0,,30.0,70.0,1008.0,1.2,Tốt
2025-05-08 14:00:00,"Vũng Tàu/Tiểu học Tóc Tiên - TX.Phú Mỹ, Vietnam",10.589853,107.131743,51,31,51.0,2.0,10.0,9.0,4.0,34.0,52.0,1005.0,5.6,Trung bình
2025-05-08 14:00:00,"Vũng Tàu/Ngã tư Giếng nước - Tp.Vũng Tàu, Vietnam",10.367976,107.0844,19,19,12.0,2.0,2.0,21.0,3.0,34.4,60.0,1004.7,6.0,Tốt
2025-05-08 15:00:00,"Hà Nội/TT giao lưu văn hóa phố cổ - Hoàn Kiếm, Vietnam",21.035584,105.852771,-,49,18.0,0.1,16.2,,,36.0,63.0,1000.0,4.6,Không xác định
2025-05-08 15:00:00,"Hà Nội/Chi cục BVMT, Vietnam",21.01525,105.80013,100,100,,0.1,,,,36.0,63.0,1000.0,4.1,Trung bình
2025-05-08 15:00:00,"Bắc Ninh/UBND_xã Xuân Lâm, Vietnam",21.0243474,106.0172877,118,118,68.0,2.0,,90.0,,35.5,63.0,1000.5,4.3,Không tốt cho nhóm nhạy cảm
2025-05-08 15:00:00,"Hà Nội/UBND xã An Khánh - Hoài Đức, Vietnam",21.002383,105.718038,65,65,23.0,0.1,12.3,,,36.0,63.0,1000.0,4.6,Trung bình
2025-05-08 15:00:00,"Hà Nội/Mầm non Vân Hà – Đông Anh, Vietnam",21.148273,105.913306,59,59,20.0,0.1,5.8,,,36.0,63.0,1000.0,4.6,Trung bình
2025-05-08 15:00:00,"Bắc Ninh/Phù Xá - Văn Môn, Vietnam",21.1638526,105.9235646,-,10,8.0,1.0,,1.0,135.0,36.0,63.0,1000.0,4.1,Không xác định
2025-05-08 15:00:00,"Thái nguyên/Đường Hùng Vương - Tp Thái Nguyên, Vietnam",21.593151,105.8431043,52,39,52.0,2.0,,,3.0,36.0,63.0,1000.0,4.1,Trung bình
2025-05-08 15:00:00,"Lạng Sơn/phường Chi Lăng - TP Lạng Sơn, Vietnam",21.843325,106.7506,-,16,9.0,1.0,,28.0,9.0,32.6,62.8,972.0,1.0,Không xác định
2025-05-08 15:00:00,"Viet Tri, Vietnam (Tp Việt Trì)",21.33847,105.3673,53,53,32.0,13.0,16.0,178.0,15.0,36.0,63.0,1000.0,4.1,Trung bình
2025-04-24 07:00:00,"Ninh Bình/Cúc Phương, Đông Phong, Nho Quan - KTTV - Trạm cảm biến, Vietnam",20.320741,105.745489,66,66,40.0,100.0,11.0,1.0,2.0,27.0,83.0,1008.0,3.0,Trung bình
2025-05-06 10:00:00,"Thanh Hoá/UBND P. Lam Sơn, TX. Bỉm Sơn, Vietnam",19.91053,105.4039,14,14,11.0,5.0,,1.0,22.0,27.4,88.9,1006.2,1.0,Tốt
2025-05-08 14:00:00,"Thừa Thiên Huế/83 Hùng Vương, Vietnam",16.46226,107.596351,26,26,21.0,3.0,6.0,4.0,26.0,35.0,51.0,1003.0,4.1,Tốt
2025-05-08 15:00:00,"Da Nang, Vietnam (TP Đà Nẵng)",16.074,108.217,33,33,22.0,3.0,19.0,,,32.0,74.0,1003.0,4.1,Tốt
2025-04-24 09:00:00,"Gia Lai/Phù Đổng, Thành phố Pleiku - KTTV - Trạm cảm biến, Vietnam",13.968848,108.017617,46,46,45.0,19.0,113.0,5.0,43.0,23.0,86.9,925.6,2.0,Tốt
2025-05-06 20:00:00,"Nha Trang, Vietnam",12.284358,109.192524,40,40,27.0,7.0,12.0,11.0,,30.0,70.0,1008.0,1.2,Tốt
2025-05-08 15:00:00,"Vũng Tàu/Tiểu học Tóc Tiên - TX.Phú Mỹ, Vietnam",10.589853,107.131743,54,33,54.0,2.0,14.0,8.0,3.0,35.0,49.0,1004.0,5.6,Trung bình
2025-05-08 15:00:00,"Vũng Tàu/Ngã tư Giếng nước - Tp.Vũng Tàu, Vietnam",10.367976,107.0844,20,20,14.0,2.0,2.0,20.0,3.0,35.2,57.5,1004.0,4.0,Tốt
2025-05-08 15:00:00,"Hà Nội/TT giao lưu văn hóa phố cổ - Hoàn Kiếm, Vietnam",21.035584,105.852771,-,49,18.0,0.1,16.2,,,36.0,63.0,1000.0,4.6,Không xác định
2025-05-08 16:00:00,"Hà Nội/Chi cục BVMT, Vietnam",21.01525,105.80013,92,92,,0.1,,,,36.0,63.0,999.0,5.6,Trung bình
2025-05-08 16:00:00,"Bắc Ninh/UBND_xã Xuân Lâm, Vietnam",21.0243474,106.0172877,114,114,68.0,2.0,,83.0,,36.0,63.0,1000.0,4.6,Không tốt cho nhóm nhạy cảm
2025-05-08 15:00:00,"Hà Nội/UBND xã An Khánh - Hoài Đức, Vietnam",21.002383,105.718038,65,65,23.0,0.1,12.3,,,36.0,63.0,1000.0,4.6,Trung bình
2025-05-08 15:00:00,"Hà Nội/Mầm non Vân Hà – Đông Anh, Vietnam",21.148273,105.913306,59,59,20.0,0.1,5.8,,,36.0,63.0,1000.0,4.6,Trung bình
2025-05-08 16:00:00,"Bắc Ninh/Phù Xá - Văn Môn, Vietnam",21.1638526,105.9235646,10,10,8.0,1.0,,1.0,135.0,36.0,63.0,999.0,5.6,Tốt
2025-05-08 16:00:00,"Thái nguyên/Đường Hùng Vương - Tp Thái Nguyên, Vietnam",21.593151,105.8431043,-,37,52.0,2.0,,,3.0,36.0,63.0,1000.0,4.6,Không xác định
2025-05-08 16:00:00,"Lạng Sơn/phường Chi Lăng - TP Lạng Sơn, Vietnam",21.843325,106.7506,-,16,9.0,1.0,,32.0,9.0,32.6,62.8,972.0,1.0,Không xác định
2025-05-08 16:00:00,"Viet Tri, Vietnam (Tp Việt Trì)",21.33847,105.3673,53,53,32.0,13.0,18.0,150.0,16.0,36.0,63.0,999.0,5.6,Trung bình
2025-04-24 07:00:00,"Ninh Bình/Cúc Phương, Đông Phong, Nho Quan - KTTV - Trạm cảm biến, Vietnam",20.320741,105.745489,66,66,40.0,100.0,11.0,1.0,2.0,27.0,83.0,1008.0,3.0,Trung bình
2025-05-06 10:00:00,"Thanh Hoá/UBND P. Lam Sơn, TX. Bỉm Sơn, Vietnam",19.91053,105.4039,14,14,11.0,5.0,,1.0,22.0,27.4,88.9,1006.2,1.0,Tốt
2025-05-08 15:00:00,"Thừa Thiên Huế/83 Hùng Vương, Vietnam",16.46226,107.596351,31,31,23.0,6.0,6.0,4.0,26.0,33.0,59.0,1003.0,3.8,Tốt
2025-05-08 16:00:00,"Da Nang, Vietnam (TP Đà Nẵng)",16.074,108.217,29,29,19.0,4.0,19.0,,,30.0,79.0,1004.0,1.5,Tốt
2025-04-24 09:00:00,"Gia Lai/Phù Đổng, Thành phố Pleiku - KTTV - Trạm cảm biến, Vietnam",13.968848,108.017617,46,46,45.0,19.0,113.0,5.0,43.0,23.0,86.9,925.6,2.0,Tốt
2025-05-06 20:00:00,"Nha Trang, Vietnam",12.284358,109.192524,40,40,27.0,7.0,12.0,11.0,,30.0,70.0,1008.0,1.2,Tốt
2025-05-08 16:00:00,"Vũng Tàu/Tiểu học Tóc Tiên - TX.Phú Mỹ, Vietnam",10.589853,107.131743,60,37,60.0,1.0,9.0,8.0,3.0,35.0,53.0,1004.0,4.6,Trung bình
2025-05-08 16:00:00,"Vũng Tàu/Ngã tư Giếng nước - Tp.Vũng Tàu, Vietnam",10.367976,107.0844,19,19,15.0,1.0,2.0,19.0,3.0,35.4,57.7,1003.8,3.2,Tốt
2025-05-08 17:00:00,"Hà Nội/TT giao lưu văn hóa phố cổ - Hoàn Kiếm, Vietnam",21.035584,105.852771,47,47,18.0,0.1,20.2,,,34.0,66.0,999.5,5.9,Tốt
2025-05-08 17:00:00,"Hà Nội/Chi cục BVMT, Vietnam",21.01525,105.80013,93,93,,0.1,,,,34.0,66.0,999.0,5.6,Trung bình
2025-05-08 17:00:00,"Bắc Ninh/UBND_xã Xuân Lâm, Vietnam",21.0243474,106.0172877,111,111,69.0,3.0,,68.0,,34.0,66.0,999.0,5.6,Không tốt cho nhóm nhạy cảm
2025-05-08 16:00:00,"Hà Nội/UBND xã An Khánh - Hoài Đức, Vietnam",21.002383,105.718038,65,65,23.0,0.1,11.6,,,35.5,65.0,999.0,5.6,Trung bình
2025-05-08 17:00:00,"Hà Nội/Mầm non Vân Hà – Đông Anh, Vietnam",21.148273,105.913306,62,62,24.0,0.1,4.2,,,34.0,66.0,999.5,5.9,Trung bình
2025-05-08 17:00:00,"Bắc Ninh/Phù Xá - Văn Môn, Vietnam",21.1638526,105.9235646,10,10,8.0,1.0,,1.0,135.0,35.5,65.0,999.0,5.6,Tốt
2025-05-08 17:00:00,"Thái nguyên/Đường Hùng Vương - Tp Thái Nguyên, Vietnam",21.593151,105.8431043,65,65,54.0,3.0,,,3.0,35.5,65.0,999.0,5.6,Trung bình
2025-05-08 17:00:00,"Lạng Sơn/phường Chi Lăng - TP Lạng Sơn, Vietnam",21.843325,106.7506,-,16,9.0,1.0,,34.0,9.0,34.4,56.8,969.5,2.0,Không xác định
2025-05-08 17:00:00,"Viet Tri, Vietnam (Tp Việt Trì)",21.33847,105.3673,54,54,33.0,13.0,18.0,150.0,15.0,35.5,65.0,999.0,5.6,Trung bình
2025-04-24 07:00:00,"Ninh Bình/Cúc Phương, Đông Phong, Nho Quan - KTTV - Trạm cảm biến, Vietnam",20.320741,105.745489,66,66,40.0,100.0,11.0,1.0,2.0,27.0,83.0,1008.0,3.0,Trung bình
2025-05-06 10:00:00,"Thanh Hoá/UBND P. Lam Sơn, TX. Bỉm Sơn, Vietnam",19.91053,105.4039,14,14,11.0,5.0,,1.0,22.0,27.4,88.9,1006.2,1.0,Tốt
2025-05-08 16:00:00,"Thừa Thiên Huế/83 Hùng Vương, Vietnam",16.46226,107.596351,49,49,36.0,11.0,6.0,4.0,26.0,32.0,58.5,1003.0,2.3,Tốt
2025-05-08 17:00:00,"Da Nang, Vietnam (TP Đà Nẵng)",16.074,108.217,24,24,16.0,3.0,19.0,,,30.0,79.0,1005.0,2.0,Tốt
2025-04-24 09:00:00,"Gia Lai/Phù Đổng, Thành phố Pleiku - KTTV - Trạm cảm biến, Vietnam",13.968848,108.017617,46,46,45.0,19.0,113.0,5.0,43.0,23.0,86.9,925.6,2.0,Tốt
2025-05-06 20:00:00,"Nha Trang, Vietnam",12.284358,109.192524,40,40,27.0,7.0,12.0,11.0,,30.0,70.0,1008.0,1.2,Tốt
2025-05-08 17:00:00,"Vũng Tàu/Tiểu học Tóc Tiên - TX.Phú Mỹ, Vietnam",10.589853,107.131743,59,38,59.0,3.0,10.0,7.0,5.0,35.0,56.0,1004.0,4.6,Trung bình
2025-05-08 17:00:00,"Vũng Tàu/Ngã tư Giếng nước - Tp.Vũng Tàu, Vietnam",10.367976,107.0844,19,19,15.0,2.0,2.0,12.0,3.0,32.7,66.0,1004.2,6.0,Tốt
2025-05-08 17:00:00,"Hà Nội/TT giao lưu văn hóa phố cổ - Hoàn Kiếm, Vietnam",21.035584,105.852771,47,47,18.0,0.1,20.2,,,34.0,66.0,999.5,5.9,Tốt
2025-05-08 18:00:00,"Hà Nội/Chi cục BVMT, Vietnam",21.01525,105.80013,79,79,,0.1,,,,33.0,75.0,1000.0,6.1,Trung bình
2025-05-08 18:00:00,"Bắc Ninh/UBND_xã Xuân Lâm, Vietnam",21.0243474,106.0172877,119,119,73.0,3.0,,48.0,,34.0,66.0,999.5,5.9,Không tốt cho nhóm nhạy cảm
2025-05-08 17:00:00,"Hà Nội/UBND xã An Khánh - Hoài Đức, Vietnam",21.002383,105.718038,61,61,22.0,0.1,12.1,,,34.0,66.0,999.5,5.9,Trung bình
2025-05-08 17:00:00,"Hà Nội/Mầm non Vân Hà – Đông Anh, Vietnam",21.148273,105.913306,62,62,24.0,0.1,4.2,,,34.0,66.0,999.5,5.9,Trung bình
2025-05-08 18:00:00,"Bắc Ninh/Phù Xá - Văn Môn, Vietnam",21.1638526,105.9235646,10,10,8.0,1.0,,1.0,135.0,34.0,66.0,999.5,5.9,Tốt
2025-05-08 18:00:00,"Thái nguyên/Đường Hùng Vương - Tp Thái Nguyên, Vietnam",21.593151,105.8431043,96,96,54.0,5.0,,,6.0,33.0,75.0,1000.0,6.1,Trung bình
2025-05-08 18:00:00,"Lạng Sơn/phường Chi Lăng - TP Lạng Sơn, Vietnam",21.843325,106.7506,-,16,9.0,1.0,,31.0,9.0,34.4,56.8,969.5,2.0,Không xác định
2025-05-08 18:00:00,"Viet Tri, Vietnam (Tp Việt Trì)",21.33847,105.3673,53,53,33.0,13.0,19.0,65.0,14.0,34.0,66.0,999.5,5.9,Trung bình
2025-04-24 07:00:00,"Ninh Bình/Cúc Phương, Đông Phong, Nho Quan - KTTV - Trạm cảm biến, Vietnam",20.320741,105.745489,66,66,40.0,100.0,11.0,1.0,2.0,27.0,83.0,1008.0,3.0,Trung bình
2025-05-06 10:00:00,"Thanh Hoá/UBND P. Lam Sơn, TX. Bỉm Sơn, Vietnam",19.91053,105.4039,14,14,11.0,5.0,,1.0,22.0,27.4,88.9,1006.2,1.0,Tốt
2025-05-08 17:00:00,"Thừa Thiên Huế/83 Hùng Vương, Vietnam",16.46226,107.596351,39,39,32.0,13.0,6.0,4.0,26.0,29.5,62.0,1004.0,3.6,Tốt
2025-05-08 18:00:00,"Da Nang, Vietnam (TP Đà Nẵng)",16.074,108.217,25,25,17.0,3.0,19.0,,,30.0,81.5,1004.5,1.5,Tốt
2025-04-24 09:00:00,"Gia Lai/Phù Đổng, Thành phố Pleiku - KTTV - Trạm cảm biến, Vietnam",13.968848,108.017617,46,46,45.0,19.0,113.0,5.0,43.0,23.0,86.9,925.6,2.0,Tốt
2025-05-06 20:00:00,"Nha Trang, Vietnam",12.284358,109.192524,40,40,27.0,7.0,12.0,11.0,,30.0,70.0,1008.0,1.2,Tốt
2025-05-08 18:00:00,"Vũng Tàu/Tiểu học Tóc Tiên - TX.Phú Mỹ, Vietnam",10.589853,107.131743,65,43,65.0,4.0,9.0,6.0,4.0,34.5,57.5,1004.0,4.8,Trung bình
2025-05-08 18:00:00,"Vũng Tàu/Ngã tư Giếng nước - Tp.Vũng Tàu, Vietnam",10.367976,107.0844,19,19,15.0,3.0,2.0,9.0,3.0,31.1,71.6,1005.3,7.0,Tốt
2025-05-08 19:00:00,"Hà Nội/TT giao lưu văn hóa phố cổ - Hoàn Kiếm, Vietnam",21.035584,105.852771,54,54,21.0,0.1,26.6,,,32.0,74.0,1001.0,4.8,Trung bình
2025-05-08 20:00:00,"Hà Nội/Chi cục BVMT, Vietnam",21.01525,105.80013,105,105,,0.1,,,,31.0,79.0,1002.0,5.1,Không tốt cho nhóm nhạy cảm
2025-05-08 20:00:00,"Bắc Ninh/UBND_xã Xuân Lâm, Vietnam",21.0243474,106.0172877,142,142,86.0,5.0,,41.0,,31.0,79.0,1002.0,5.1,Không tốt cho nhóm nhạy cảm
2025-05-08 19:00:00,"Hà Nội/UBND xã An Khánh - Hoài Đức, Vietnam",21.002383,105.718038,-,71,26.0,0.1,15.9,,,32.0,74.0,1001.0,4.8,Không xác định
2025-05-08 19:00:00,"Hà Nội/Mầm non Vân Hà – Đông Anh, Vietnam",21.148273,105.913306,67,67,23.0,0.1,6.8,,,32.0,74.0,1001.0,4.8,Trung bình
2025-05-08 20:00:00,"Bắc Ninh/Phù Xá - Văn Môn, Vietnam",21.1638526,105.9235646,11,11,9.0,1.0,,2.0,132.0,31.0,79.0,1002.0,5.1,Tốt
2025-05-08 20:00:00,"Thái nguyên/Đường Hùng Vương - Tp Thái Nguyên, Vietnam",21.593151,105.8431043,131,131,54.0,3.0,,,5.0,31.0,79.0,1002.0,5.1,Không tốt cho nhóm nhạy cảm
2025-05-08 19:00:00,"Lạng Sơn/phường Chi Lăng - TP Lạng Sơn, Vietnam",21.843325,106.7506,1,16,1.0,1.0,,15.0,9.0,30.6,70.4,970.3,3.0,Tốt
2025-05-08 20:00:00,"Viet Tri, Vietnam (Tp Việt Trì)",21.33847,105.3673,51,51,32.0,12.0,24.0,105.0,13.0,32.0,74.0,1001.0,4.8,Trung bình
2025-04-24 07:00:00,"Ninh Bình/Cúc Phương, Đông Phong, Nho Quan - KTTV - Trạm cảm biến, Vietnam",20.320741,105.745489,66,66,40.0,100.0,11.0,1.0,2.0,27.0,83.0,1008.0,3.0,Trung bình
2025-05-06 10:00:00,"Thanh Hoá/UBND P. Lam Sơn, TX. Bỉm Sơn, Vietnam",19.91053,105.4039,14,14,11.0,5.0,,1.0,22.0,27.4,88.9,1006.2,1.0,Tốt
2025-05-08 19:00:00,"Thừa Thiên Huế/83 Hùng Vương, Vietnam",16.46226,107.596351,19,19,17.0,8.0,6.0,4.0,26.0,30.0,58.0,1005.0,2.5,Tốt
2025-05-08 20:00:00,"Da Nang, Vietnam (TP Đà Nẵng)",16.074,108.217,43,43,28.0,3.0,19.0,,,28.0,78.0,1006.0,1.5,Tốt
2025-04-24 09:00:00,"Gia Lai/Phù Đổng, Thành phố Pleiku - KTTV - Trạm cảm biến, Vietnam",13.968848,108.017617,46,46,45.0,19.0,113.0,5.0,43.0,23.0,86.9,925.6,2.0,Tốt
2025-05-06 20:00:00,"Nha Trang, Vietnam",12.284358,109.192524,40,40,27.0,7.0,12.0,11.0,,30.0,70.0,1008.0,1.2,Tốt
2025-05-08 20:00:00,"Vũng Tàu/Tiểu học Tóc Tiên - TX.Phú Mỹ, Vietnam",10.589853,107.131743,50,37,50.0,2.0,5.0,6.0,18.0,31.0,70.0,1007.0,2.5,Tốt
2025-05-08 20:00:00,"Vũng Tàu/Ngã tư Giếng nước - Tp.Vũng Tàu, Vietnam",10.367976,107.0844,20,20,15.0,2.0,2.0,3.0,3.0,31.6,70.0,1007.2,2.0,Tốt
2025-05-08 20:00:00,"Hà Nội/TT giao lưu văn hóa phố cổ - Hoàn Kiếm, Vietnam",21.035584,105.852771,53,53,21.0,0.1,24.2,,,31.0,79.0,1002.0,5.6,Trung bình
2025-05-08 21:00:00,"Hà Nội/Chi cục BVMT, Vietnam",21.01525,105.80013,100,100,,0.1,,,,30.0,84.0,1002.0,6.1,Trung bình
2025-05-08 21:00:00,"Bắc Ninh/UBND_xã Xuân Lâm, Vietnam",21.0243474,106.0172877,160,160,90.0,6.0,,39.0,,30.0,84.0,1002.0,6.1,Không tốt
2025-05-08 20:00:00,"Hà Nội/UBND xã An Khánh - Hoài Đức, Vietnam",21.002383,105.718038,-,67,23.0,0.1,16.1,,,31.0,79.0,1002.0,5.6,Không xác định
2025-05-08 20:00:00,"Hà Nội/Mầm non Vân Hà – Đông Anh, Vietnam",21.148273,105.913306,68,68,23.0,0.1,5.3,,,31.0,79.0,1002.0,5.6,Trung bình
2025-05-08 21:00:00,"Bắc Ninh/Phù Xá - Văn Môn, Vietnam",21.1638526,105.9235646,11,11,9.0,1.0,,2.0,128.0,31.0,79.0,1002.0,5.6,Tốt
2025-05-08 21:00:00,"Thái nguyên/Đường Hùng Vương - Tp Thái Nguyên, Vietnam",21.593151,105.8431043,124,124,56.0,3.0,,,7.0,31.0,79.0,1002.0,5.6,Không tốt cho nhóm nhạy cảm
2025-05-08 19:00:00,"Lạng Sơn/phường Chi Lăng - TP Lạng Sơn, Vietnam",21.843325,106.7506,1,16,1.0,1.0,,14.0,9.0,30.6,70.4,970.3,3.0,Tốt
2025-05-08 21:00:00,"Viet Tri, Vietnam (Tp Việt Trì)",21.33847,105.3673,50,50,32.0,12.0,19.0,112.0,13.0,31.0,79.0,1002.0,5.6,Tốt
2025-04-24 07:00:00,"Ninh Bình/Cúc Phương, Đông Phong, Nho Quan - KTTV - Trạm cảm biến, Vietnam",20.320741,105.745489,66,66,40.0,100.0,11.0,1.0,2.0,27.0,83.0,1008.0,3.0,Trung bình
2025-05-06 10:00:00,"Thanh Hoá/UBND P. Lam Sơn, TX. Bỉm Sơn, Vietnam",19.91053,105.4039,14,14,11.0,5.0,,1.0,22.0,27.4,88.9,1006.2,1.0,Tốt
2025-05-08 20:00:00,"Thừa Thiên Huế/83 Hùng Vương, Vietnam",16.46226,107.596351,14,14,12.0,5.0,6.0,4.0,26.0,29.0,70.0,1005.0,2.5,Tốt
2025-05-08 21:00:00,"Da Nang, Vietnam (TP Đà Nẵng)",16.074,108.217,53,53,34.0,2.0,19.0,,,28.0,78.0,1006.0,1.5,Trung bình
2025-04-24 09:00:00,"Gia Lai/Phù Đổng, Thành phố Pleiku - KTTV - Trạm cảm biến, Vietnam",13.968848,108.017617,46,46,45.0,19.0,113.0,5.0,43.0,23.0,86.9,925.6,2.0,Tốt
2025-05-06 20:00:00,"Nha Trang, Vietnam",12.284358,109.192524,40,40,27.0,7.0,12.0,11.0,,30.0,70.0,1008.0,1.2,Tốt
2025-05-08 21:00:00,"Vũng Tàu/Tiểu học Tóc Tiên - TX.Phú Mỹ, Vietnam",10.589853,107.131743,38,31,38.0,2.0,4.0,6.0,7.0,32.0,66.0,1007.0,3.6,Tốt
2025-05-08 21:00:00,"Vũng Tàu/Ngã tư Giếng nước - Tp.Vũng Tàu, Vietnam",10.367976,107.0844,22,22,15.0,2.0,2.0,10.0,3.0,31.1,72.0,1007.8,3.0,Tốt
2025-05-08 21:00:00,"Hà Nội/TT giao lưu văn hóa phố cổ - Hoàn Kiếm, Vietnam",21.035584,105.852771,56,56,22.0,0.1,23.2,,,30.0,84.0,1002.5,5.4,Trung bình
2025-05-08 22:00:00,"Hà Nội/Chi cục BVMT, Vietnam",21.01525,105.80013,115,115,,0.1,,,,29.0,88.0,1003.0,4.6,Không tốt cho nhóm nhạy cảm
2025-05-08 22:00:00,"Bắc Ninh/UBND_xã Xuân Lâm, Vietnam",21.0243474,106.0172877,157,157,87.0,3.0,,36.0,,30.0,84.0,1002.5,5.4,Không tốt
2025-05-08 22:00:00,"Hà Nội/UBND xã An Khánh - Hoài Đức, Vietnam",21.002383,105.718038,-,69,24.0,0.1,16.4,,,29.0,88.0,1003.0,4.3,Không xác định
2025-05-08 21:00:00,"Hà Nội/Mầm non Vân Hà – Đông Anh, Vietnam",21.148273,105.913306,72,72,23.0,0.1,5.3,,,30.0,84.0,1002.5,5.4,Trung bình
2025-05-08 22:00:00,"Bắc Ninh/Phù Xá - Văn Môn, Vietnam",21.1638526,105.9235646,11,11,9.0,1.0,,2.0,124.0,30.0,84.0,1002.5,5.4,Tốt
2025-05-08 22:00:00,"Thái nguyên/Đường Hùng Vương - Tp Thái Nguyên, Vietnam",21.593151,105.8431043,103,103,57.0,3.0,,,9.0,30.0,84.0,1002.5,5.4,Không tốt cho nhóm nhạy cảm
2025-05-08 19:00:00,"Lạng Sơn/phường Chi Lăng - TP Lạng Sơn, Vietnam",21.843325,106.7506,1,16,1.0,1.0,,11.0,9.0,30.6,70.4,970.3,3.0,Tốt
2025-05-08 22:00:00,"Viet Tri, Vietnam (Tp Việt Trì)",21.33847,105.3673,48,48,32.0,12.0,21.0,122.0,13.0,30.0,84.0,1002.5,5.4,Tốt
2025-04-24 07:00:00,"Ninh Bình/Cúc Phương, Đông Phong, Nho Quan - KTTV - Trạm cảm biến, Vietnam",20.320741,105.745489,66,66,40.0,100.0,11.0,1.0,2.0,27.0,83.0,1008.0,3.0,Trung bình
2025-05-06 10:00:00,"Thanh Hoá/UBND P. Lam Sơn, TX. Bỉm Sơn, Vietnam",19.91053,105.4039,14,14,11.0,5.0,,1.0,22.0,27.4,88.9,1006.2,1.0,Tốt
2025-05-08 21:00:00,"Thừa Thiên Huế/83 Hùng Vương, Vietnam",16.46226,107.596351,11,11,9.0,6.0,6.0,4.0,26.0,29.0,67.5,1005.0,2.5,Tốt
2025-05-08 22:00:00,"Da Nang, Vietnam (TP Đà Nẵng)",16.074,108.217,49,49,32.0,3.0,19.0,,,28.0,83.0,1006.0,1.8,Tốt
2025-04-24 09:00:00,"Gia Lai/Phù Đổng, Thành phố Pleiku - KTTV - Trạm cảm biến, Vietnam",13.968848,108.017617,46,46,45.0,19.0,113.0,5.0,43.0,23.0,86.9,925.6,2.0,Tốt
2025-05-06 20:00:00,"Nha Trang, Vietnam",12.284358,109.192524,40,40,27.0,7.0,12.0,11.0,,30.0,70.0,1008.0,1.2,Tốt
2025-05-08 22:00:00,"Vũng Tàu/Tiểu học Tóc Tiên - TX.Phú Mỹ, Vietnam",10.589853,107.131743,38,31,38.0,2.0,3.0,7.0,4.0,31.0,70.0,1008.0,4.6,Tốt
2025-05-08 22:00:00,"Vũng Tàu/Ngã tư Giếng nước - Tp.Vũng Tàu, Vietnam",10.367976,107.0844,21,21,15.0,2.0,2.0,10.0,3.0,30.5,72.7,1008.4,4.2,Tốt
2025-05-08 23:00:00,"Hà Nội/TT giao lưu văn hóa phố cổ - Hoàn Kiếm, Vietnam",21.035584,105.852771,48,48,19.0,0.1,22.0,,,28.5,88.5,1002.5,3.6,Tốt
2025-05-08 23:00:00,"Hà Nội/Chi cục BVMT, Vietnam",21.01525,105.80013,94,94,,0.1,,,,29.0,83.0,1003.0,3.6,Trung bình
2025-05-08 23:00:00,"Bắc Ninh/UBND_xã Xuân Lâm, Vietnam",21.0243474,106.0172877,156,156,86.0,3.0,,34.0,,29.0,83.0,1003.0,3.6,Không tốt
2025-05-08 23:00:00,"Hà Nội/UBND xã An Khánh - Hoài Đức, Vietnam",21.002383,105.718038,-,64,22.0,0.1,16.4,,,28.5,88.5,1002.5,3.6,Không xác định
2025-05-08 23:00:00,"Hà Nội/Mầm non Vân Hà – Đông Anh, Vietnam",21.148273,105.913306,64,64,21.0,0.1,5.3,,,28.5,88.5,1002.5,3.6,Trung bình
2025-05-08 23:00:00,"Bắc Ninh/Phù Xá - Văn Môn, Vietnam",21.1638526,105.9235646,11,11,8.0,1.0,,2.0,122.0,29.0,83.0,1003.0,3.6,Tốt
2025-05-08 23:00:00,"Thái nguyên/Đường Hùng Vương - Tp Thái Nguyên, Vietnam",21.593151,105.8431043,88,88,57.0,2.0,,,6.0,29.0,88.0,1003.0,4.3,Trung bình
2025-05-08 19:00:00,"Lạng Sơn/phường Chi Lăng - TP Lạng Sơn, Vietnam",21.843325,106.7506,1,16,1.0,1.0,,4.0,9.0,28.0,80.8,972.5,3.0,Tốt
2025-05-08 23:00:00,"Viet Tri, Vietnam (Tp Việt Trì)",21.33847,105.3673,47,47,31.0,12.0,26.0,113.0,15.0,29.0,88.0,1003.0,4.3,Tốt
2025-04-24 07:00:00,"Ninh Bình/Cúc Phương, Đông Phong, Nho Quan - KTTV - Trạm cảm biến, Vietnam",20.320741,105.745489,66,66,40.0,100.0,11.0,1.0,2.0,27.0,83.0,1008.0,3.0,Trung bình
2025-05-06 10:00:00,"Thanh Hoá/UBND P. Lam Sơn, TX. Bỉm Sơn, Vietnam",19.91053,105.4039,14,14,11.0,5.0,,1.0,22.0,27.4,88.9,1006.2,1.0,Tốt
2025-05-08 22:00:00,"Thừa Thiên Huế/83 Hùng Vương, Vietnam",16.46226,107.596351,10,10,8.0,5.0,6.0,5.0,26.0,29.0,70.0,1005.5,2.0,Tốt
2025-05-08 23:00:00,"Da Nang, Vietnam (TP Đà Nẵng)",16.074,108.217,42,42,30.0,3.0,19.0,,,28.0,78.0,1006.0,1.8,Tốt
2025-04-24 09:00:00,"Gia Lai/Phù Đổng, Thành phố Pleiku - KTTV - Trạm cảm biến, Vietnam",13.968848,108.017617,46,46,45.0,19.0,113.0,5.0,43.0,23.0,86.9,925.6,2.0,Tốt
2025-05-06 20:00:00,"Nha Trang, Vietnam",12.284358,109.192524,40,40,27.0,7.0,12.0,11.0,,30.0,70.0,1008.0,1.2,Tốt
2025-05-08 23:00:00,"Vũng Tàu/Tiểu học Tóc Tiên - TX.Phú Mỹ, Vietnam",10.589853,107.131743,28,27,28.0,1.0,1.0,7.0,3.0,30.0,79.0,1008.0,4.6,Tốt
2025-05-08 23:00:00,"Vũng Tàu/Ngã tư Giếng nước - Tp.Vũng Tàu, Vietnam",10.367976,107.0844,22,22,15.0,1.0,1.0,9.0,3.0,30.0,73.0,1008.5,2.7,Tốt
2025-05-08 23:00:00,"Hà Nội/TT giao lưu văn hóa phố cổ - Hoàn Kiếm, Vietnam",21.035584,105.852771,48,48,19.0,0.1,22.0,,,28.5,88.5,1002.5,3.6,Tốt
2025-05-09 00:00:00,"Hà Nội/Chi cục BVMT, Vietnam",21.01525,105.80013,70,70,,0.1,,,,28.0,88.0,1002.0,3.6,Trung bình
2025-05-09 00:00:00,"Bắc Ninh/UBND_xã Xuân Lâm, Vietnam",21.0243474,106.0172877,152,152,82.0,2.0,,32.0,,28.0,88.0,1002.0,3.6,Không tốt
2025-05-08 23:00:00,"Hà Nội/UBND xã An Khánh - Hoài Đức, Vietnam",21.002383,105.718038,-,64,22.0,0.1,16.4,,,28.5,88.5,1002.5,3.6,Không xác định
2025-05-08 23:00:00,"Hà Nội/Mầm non Vân Hà – Đông Anh, Vietnam",21.148273,105.913306,64,64,21.0,0.1,5.3,,,28.5,88.5,1002.5,3.6,Trung bình
2025-05-09 00:00:00,"Bắc Ninh/Phù Xá - Văn Môn, Vietnam",21.1638526,105.9235646,11,11,8.0,1.0,,2.0,120.0,28.5,88.5,1002.5,3.6,Tốt
2025-05-09 00:00:00,"Thái nguyên/Đường Hùng Vương - Tp Thái Nguyên, Vietnam",21.593151,105.8431043,63,63,55.0,2.0,,,4.0,28.0,88.0,1002.0,3.6,Trung bình
2025-05-08 19:00:00,"Lạng Sơn/phường Chi Lăng - TP Lạng Sơn, Vietnam",21.843325,106.7506,1,16,1.0,1.0,,4.0,9.0,28.0,80.8,972.5,3.0,Tốt
2025-05-09 00:00:00,"Viet Tri, Vietnam (Tp Việt Trì)",21.33847,105.3673,47,47,31.0,12.0,25.0,118.0,16.0,28.5,88.5,1002.5,3.6,Tốt
2025-04-24 07:00:00,"Ninh Bình/Cúc Phương, Đông Phong, Nho Quan - KTTV - Trạm cảm biến, Vietnam",20.320741,105.745489,66,66,40.0,100.0,11.0,1.0,2.0,27.0,83.0,1008.0,3.0,Trung bình
2025-05-06 10:00:00,"Thanh Hoá/UBND P. Lam Sơn, TX. Bỉm Sơn, Vietnam",19.91053,105.4039,14,14,11.0,5.0,,1.0,22.0,27.4,88.9,1006.2,1.0,Tốt
2025-05-08 23:00:00,"Thừa Thiên Huế/83 Hùng Vương, Vietnam",16.46226,107.596351,10,10,9.0,3.0,6.0,5.0,26.0,28.0,78.0,1005.0,1.5,Tốt
2025-05-09 00:00:00,"Da Nang, Vietnam (TP Đà Nẵng)",16.074,108.217,33,33,23.0,3.0,19.0,,,27.0,88.0,1005.0,1.5,Tốt
2025-04-24 09:00:00,"Gia Lai/Phù Đổng, Thành phố Pleiku - KTTV - Trạm cảm biến, Vietnam",13.968848,108.017617,46,46,45.0,19.0,113.0,5.0,43.0,23.0,86.9,925.6,2.0,Tốt
2025-05-06 20:00:00,"Nha Trang, Vietnam",12.284358,109.192524,40,40,27.0,7.0,12.0,11.0,,30.0,70.0,1008.0,1.2,Tốt
2025-05-09 00:00:00,"Vũng Tàu/Tiểu học Tóc Tiên - TX.Phú Mỹ, Vietnam",10.589853,107.131743,26,26,24.0,2.0,2.0,6.0,3.0,29.0,83.0,1008.0,4.1,Tốt
2025-05-09 00:00:00,"Vũng Tàu/Ngã tư Giếng nước - Tp.Vũng Tàu, Vietnam",10.367976,107.0844,22,22,15.0,1.0,1.0,8.0,3.0,30.0,74.0,1007.9,5.0,Tốt
2025-05-09 01:00:00,"Hà Nội/TT giao lưu văn hóa phố cổ - Hoàn Kiếm, Vietnam",21.035584,105.852771,-,51,20.0,0.1,18.3,,,28.0,88.0,1001.0,3.6,Không xác định
2025-05-09 01:00:00,"Hà Nội/Chi cục BVMT, Vietnam",21.01525,105.80013,88,88,,0.1,,,,28.0,88.0,1001.0,3.6,Trung bình
2025-05-09 01:00:00,"Bắc Ninh/UBND_xã Xuân Lâm, Vietnam",21.0243474,106.0172877,127,127,72.0,2.0,,31.0,,28.0,88.0,1001.5,4.1,Không tốt cho nhóm nhạy cảm
2025-05-09 01:00:00,"Hà Nội/UBND xã An Khánh - Hoài Đức, Vietnam",21.002383,105.718038,60,60,20.0,0.1,13.9,,,28.0,88.0,1001.0,3.6,Trung bình
2025-05-09 01:00:00,"Hà Nội/Mầm non Vân Hà – Đông Anh, Vietnam",21.148273,105.913306,57,57,19.0,0.1,3.7,,,28.0,88.0,1001.0,3.6,Trung bình
2025-05-09 01:00:00,"Bắc Ninh/Phù Xá - Văn Môn, Vietnam",21.1638526,105.9235646,10,10,7.0,1.0,,2.0,119.0,28.0,88.0,1001.5,4.1,Tốt
2025-05-09 00:00:00,"Thái nguyên/Đường Hùng Vương - Tp Thái Nguyên, Vietnam",21.593151,105.8431043,63,63,54.0,2.0,,,4.0,28.0,88.0,1001.0,3.6,Trung bình
2025-05-08 19:00:00,"Lạng Sơn/phường Chi Lăng - TP Lạng Sơn, Vietnam",21.843325,106.7506,1,16,1.0,1.0,,3.0,10.0,28.0,80.8,972.5,3.0,Tốt
2025-05-09 01:00:00,"Viet Tri, Vietnam (Tp Việt Trì)",21.33847,105.3673,45,45,30.0,12.0,28.0,105.0,17.0,28.0,88.0,1001.5,4.1,Tốt
2025-04-24 07:00:00,"Ninh Bình/Cúc Phương, Đông Phong, Nho Quan - KTTV - Trạm cảm biến, Vietnam",20.320741,105.745489,66,66,40.0,100.0,11.0,1.0,2.0,27.0,83.0,1008.0,3.0,Trung bình
2025-05-06 10:00:00,"Thanh Hoá/UBND P. Lam Sơn, TX. Bỉm Sơn, Vietnam",19.91053,105.4039,14,14,11.0,5.0,,1.0,22.0,27.4,88.9,1006.2,1.0,Tốt
2025-05-09 00:00:00,"Thừa Thiên Huế/83 Hùng Vương, Vietnam",16.46226,107.596351,9,9,8.0,3.0,6.0,4.0,26.0,28.0,76.0,1005.0,1.8,Tốt
2025-05-09 01:00:00,"Da Nang, Vietnam (TP Đà Nẵng)",16.074,108.217,28,28,19.0,3.0,19.0,,,27.0,83.0,1005.0,2.5,Tốt
2025-04-24 09:00:00,"Gia Lai/Phù Đổng, Thành phố Pleiku - KTTV - Trạm cảm biến, Vietnam",13.968848,108.017617,46,46,45.0,19.0,113.0,5.0,43.0,23.0,86.9,925.6,2.0,Tốt
2025-05-06 20:00:00,"Nha Trang, Vietnam",12.284358,109.192524,40,40,27.0,7.0,12.0,11.0,,30.0,70.0,1008.0,1.2,Tốt
2025-05-09 01:00:00,"Vũng Tàu/Tiểu học Tóc Tiên - TX.Phú Mỹ, Vietnam",10.589853,107.131743,25,25,22.0,2.0,4.0,5.0,3.0,29.0,79.0,1007.0,4.1,Tốt
2025-05-09 01:00:00,"Vũng Tàu/Ngã tư Giếng nước - Tp.Vũng Tàu, Vietnam",10.367976,107.0844,21,21,15.0,1.0,1.0,8.0,3.0,29.4,75.0,1007.1,5.4,Tốt
2025-05-09 01:00:00,"Hà Nội/TT giao lưu văn hóa phố cổ - Hoàn Kiếm, Vietnam",21.035584,105.852771,-,51,20.0,0.1,18.3,,,28.0,88.0,1001.0,3.6,Không xác định
2025-05-09 02:00:00,"Hà Nội/Chi cục BVMT, Vietnam",21.01525,105.80013,86,86,,0.1,,,,28.0,88.0,1002.0,3.0,Trung bình
2025-05-09 02:00:00,"Bắc Ninh/UBND_xã Xuân Lâm, Vietnam",21.0243474,106.0172877,107,107,64.0,1.0,,31.0,,28.0,88.0,1002.0,3.0,Không tốt cho nhóm nhạy cảm
2025-05-09 01:00:00,"Hà Nội/UBND xã An Khánh - Hoài Đức, Vietnam",21.002383,105.718038,60,60,20.0,0.1,13.9,,,28.0,88.0,1001.0,3.6,Trung bình
2025-05-09 01:00:00,"Hà Nội/Mầm non Vân Hà – Đông Anh, Vietnam",21.148273,105.913306,57,57,19.0,0.1,3.7,,,28.0,88.0,1001.0,3.6,Trung bình
2025-05-09 02:00:00,"Bắc Ninh/Phù Xá - Văn Môn, Vietnam",21.1638526,105.9235646,9,9,6.0,1.0,,3.0,118.0,28.0,88.0,1002.0,3.0,Tốt
2025-05-09 02:00:00,"Thái nguyên/Đường Hùng Vương - Tp Thái Nguyên, Vietnam",21.593151,105.8431043,50,63,50.0,2.0,,,4.0,28.0,88.0,1002.0,3.0,Tốt
2025-05-08 19:00:00,"Lạng Sơn/phường Chi Lăng - TP Lạng Sơn, Vietnam",21.843325,106.7506,1,16,1.0,1.0,,3.0,10.0,26.8,87.8,972.2,3.0,Tốt
2025-05-09 02:00:00,"Viet Tri, Vietnam (Tp Việt Trì)",21.33847,105.3673,42,42,29.0,12.0,28.0,104.0,17.0,28.0,88.0,1002.0,3.0,Tốt
2025-04-24 07:00:00,"Ninh Bình/Cúc Phương, Đông Phong, Nho Quan - KTTV - Trạm cảm biến, Vietnam",20.320741,105.745489,66,66,40.0,100.0,11.0,1.0,2.0,27.0,83.0,1008.0,3.0,Trung bình
2025-05-06 10:00:00,"Thanh Hoá/UBND P. Lam Sơn, TX. Bỉm Sơn, Vietnam",19.91053,105.4039,14,14,11.0,5.0,,1.0,22.0,27.4,88.9,1006.2,1.0,Tốt
2025-05-09 01:00:00,"Thừa Thiên Huế/83 Hùng Vương, Vietnam",16.46226,107.596351,10,10,7.0,3.0,6.0,4.0,26.0,28.0,78.0,1004.0,1.5,Tốt
2025-05-09 02:00:00,"Da Nang, Vietnam (TP Đà Nẵng)",16.074,108.217,21,21,15.0,3.0,19.0,,,27.0,83.0,1004.0,1.5,Tốt
2025-04-24 09:00:00,"Gia Lai/Phù Đổng, Thành phố Pleiku - KTTV - Trạm cảm biến, Vietnam",13.968848,108.017617,46,46,45.0,19.0,113.0,5.0,43.0,23.0,86.9,925.6,2.0,Tốt
2025-05-06 20:00:00,"Nha Trang, Vietnam",12.284358,109.192524,40,40,27.0,7.0,12.0,11.0,,30.0,70.0,1008.0,1.2,Tốt
2025-05-09 02:00:00,"Vũng Tàu/Tiểu học Tóc Tiên - TX.Phú Mỹ, Vietnam",10.589853,107.131743,25,25,21.0,2.0,2.0,5.0,3.0,29.0,83.0,1006.0,4.1,Tốt
2025-05-09 02:00:00,"Vũng Tàu/Ngã tư Giếng nước - Tp.Vũng Tàu, Vietnam",10.367976,107.0844,21,21,14.0,1.0,1.0,5.0,3.0,29.4,76.0,1006.6,4.0,Tốt
2025-05-09 02:00:00,"Hà Nội/TT giao lưu văn hóa phố cổ - Hoàn Kiếm, Vietnam",21.035584,105.852771,40,40,15.0,0.1,14.9,,,28.0,88.0,1002.0,3.6,Tốt
2025-05-09 03:00:00,"Hà Nội/Chi cục BVMT, Vietnam",21.01525,105.80013,70,70,,0.1,,,,28.0,88.0,1002.0,4.1,Trung bình
2025-05-09 03:00:00,"Bắc Ninh/UBND_xã Xuân Lâm, Vietnam",21.0243474,106.0172877,99,99,61.0,1.0,,27.0,,28.0,88.0,1002.0,3.6,Trung bình
2025-05-09 02:00:00,"Hà Nội/UBND xã An Khánh - Hoài Đức, Vietnam",21.002383,105.718038,64,64,22.0,0.1,12.0,,,28.0,88.0,1002.0,3.6,Trung bình
2025-05-09 02:00:00,"Hà Nội/Mầm non Vân Hà – Đông Anh, Vietnam",21.148273,105.913306,52,52,17.0,0.1,3.8,,,28.0,88.0,1002.0,3.6,Trung bình
2025-05-09 03:00:00,"Bắc Ninh/Phù Xá - Văn Môn, Vietnam",21.1638526,105.9235646,9,9,8.0,1.0,,3.0,117.0,28.0,88.0,1002.0,4.1,Tốt
2025-05-09 03:00:00,"Thái nguyên/Đường Hùng Vương - Tp Thái Nguyên, Vietnam",21.593151,105.8431043,47,26,47.0,2.0,,,3.0,28.0,88.0,1002.0,3.6,Tốt
2025-05-09 03:00:00,"Lạng Sơn/phường Chi Lăng - TP Lạng Sơn, Vietnam",21.843325,106.7506,-,16,1.0,1.0,,3.0,9.0,26.8,87.8,972.2,3.0,Không xác định
2025-05-09 03:00:00,"Viet Tri, Vietnam (Tp Việt Trì)",21.33847,105.3673,42,42,28.0,12.0,27.0,95.0,17.0,28.0,88.0,1002.0,3.6,Tốt
2025-04-24 07:00:00,"Ninh Bình/Cúc Phương, Đông Phong, Nho Quan - KTTV - Trạm cảm biến, Vietnam",20.320741,105.745489,66,66,40.0,100.0,11.0,1.0,2.0,27.0,83.0,1008.0,3.0,Trung bình
2025-05-06 10:00:00,"Thanh Hoá/UBND P. Lam Sơn, TX. Bỉm Sơn, Vietnam",19.91053,105.4039,14,14,11.0,5.0,,1.0,22.0,27.4,88.9,1006.2,1.0,Tốt
2025-05-09 02:00:00,"Thừa Thiên Huế/83 Hùng Vương, Vietnam",16.46226,107.596351,11,11,7.0,3.0,6.0,4.0,26.0,28.0,74.0,1004.0,2.0,Tốt
2025-05-09 03:00:00,"Da Nang, Vietnam (TP Đà Nẵng)",16.074,108.217,17,17,12.0,3.0,19.0,,,27.0,83.0,1005.0,2.0,Tốt
2025-04-24 09:00:00,"Gia Lai/Phù Đổng, Thành phố Pleiku - KTTV - Trạm cảm biến, Vietnam",13.968848,108.017617,46,46,45.0,19.0,113.0,5.0,43.0,23.0,86.9,925.6,2.0,Tốt
2025-05-06 20:00:00,"Nha Trang, Vietnam",12.284358,109.192524,40,40,27.0,7.0,12.0,11.0,,30.0,70.0,1008.0,1.2,Tốt
2025-05-09 03:00:00,"Vũng Tàu/Tiểu học Tóc Tiên - TX.Phú Mỹ, Vietnam",10.589853,107.131743,26,26,21.0,2.0,3.0,4.0,3.0,29.0,83.0,1006.0,4.1,Tốt
2025-05-09 03:00:00,"Vũng Tàu/Ngã tư Giếng nước - Tp.Vũng Tàu, Vietnam",10.367976,107.0844,19,19,13.0,1.0,1.0,5.0,3.0,28.8,78.0,1006.4,5.3,Tốt
2025-05-09 03:00:00,"Hà Nội/TT giao lưu văn hóa phố cổ - Hoàn Kiếm, Vietnam",21.035584,105.852771,41,41,16.0,0.1,13.2,,,28.0,88.0,1002.0,3.8,Tốt
2025-05-09 04:00:00,"Hà Nội/Chi cục BVMT, Vietnam",21.01525,105.80013,80,80,,0.1,,,,28.0,88.0,1002.0,3.6,Trung bình
2025-05-09 04:00:00,"Bắc Ninh/UBND_xã Xuân Lâm, Vietnam",21.0243474,106.0172877,99,99,61.0,2.0,,25.0,,28.0,88.0,1002.0,3.6,Trung bình
2025-05-09 03:00:00,"Hà Nội/UBND xã An Khánh - Hoài Đức, Vietnam",21.002383,105.718038,59,59,20.0,0.1,10.6,,,28.0,88.0,1002.0,3.8,Trung bình
2025-05-09 03:00:00,"Hà Nội/Mầm non Vân Hà – Đông Anh, Vietnam",21.148273,105.913306,56,56,18.0,0.1,3.3,,,28.0,88.0,1002.0,3.8,Trung bình
2025-05-09 04:00:00,"Bắc Ninh/Phù Xá - Văn Môn, Vietnam",21.1638526,105.9235646,9,9,7.0,1.0,,3.0,116.0,28.0,88.0,1002.0,3.6,Tốt
2025-05-09 04:00:00,"Thái nguyên/Đường Hùng Vương - Tp Thái Nguyên, Vietnam",21.593151,105.8431043,49,49,48.0,2.0,,,3.0,28.0,88.0,1002.0,3.8,Tốt
2025-05-09 04:00:00,"Lạng Sơn/phường Chi Lăng - TP Lạng Sơn, Vietnam",21.843325,106.7506,-,16,1.0,1.0,,4.0,10.0,26.8,87.8,972.2,3.0,Không xác định
2025-05-09 04:00:00,"Viet Tri, Vietnam (Tp Việt Trì)",21.33847,105.3673,45,45,31.0,12.0,23.0,44.0,15.0,28.0,88.0,1002.0,3.8,Tốt
2025-04-24 07:00:00,"Ninh Bình/Cúc Phương, Đông Phong, Nho Quan - KTTV - Trạm cảm biến, Vietnam",20.320741,105.745489,66,66,40.0,100.0,11.0,1.0,2.0,27.0,83.0,1008.0,3.0,Trung bình
2025-05-06 10:00:00,"Thanh Hoá/UBND P. Lam Sơn, TX. Bỉm Sơn, Vietnam",19.91053,105.4039,14,14,11.0,5.0,,1.0,22.0,27.4,88.9,1006.2,1.0,Tốt
2025-05-09 03:00:00,"Thừa Thiên Huế/83 Hùng Vương, Vietnam",16.46226,107.596351,11,11,8.0,3.0,6.0,4.0,26.0,28.0,74.0,1004.0,1.5,Tốt
2025-05-09 04:00:00,"Da Nang, Vietnam (TP Đà Nẵng)",16.074,108.217,15,15,10.0,3.0,19.0,,,27.0,83.0,1005.0,2.5,Tốt
2025-04-24 09:00:00,"Gia Lai/Phù Đổng, Thành phố Pleiku - KTTV - Trạm cảm biến, Vietnam",13.968848,108.017617,46,46,45.0,19.0,113.0,5.0,43.0,23.0,86.9,925.6,2.0,Tốt
2025-05-06 20:00:00,"Nha Trang, Vietnam",12.284358,109.192524,40,40,27.0,7.0,12.0,11.0,,30.0,70.0,1008.0,1.2,Tốt
2025-05-09 04:00:00,"Vũng Tàu/Tiểu học Tóc Tiên - TX.Phú Mỹ, Vietnam",10.589853,107.131743,27,27,20.0,2.0,2.0,4.0,3.0,29.0,83.0,1006.0,2.8,Tốt
2025-05-09 04:00:00,"Vũng Tàu/Ngã tư Giếng nước - Tp.Vũng Tàu, Vietnam",10.367976,107.0844,17,17,12.0,1.0,1.0,7.0,3.0,28.8,79.0,1006.7,2.0,Tốt
2025-05-09 04:00:00,"Hà Nội/TT giao lưu văn hóa phố cổ - Hoàn Kiếm, Vietnam",21.035584,105.852771,44,44,17.0,0.1,14.4,,,28.0,88.0,1002.0,3.6,Tốt
2025-05-09 05:00:00,"Hà Nội/Chi cục BVMT, Vietnam",21.01525,105.80013,75,75,,0.1,,,,28.0,88.0,1002.0,2.0,Trung bình
2025-05-09 05:00:00,"Bắc Ninh/UBND_xã Xuân Lâm, Vietnam",21.0243474,106.0172877,99,99,60.0,2.0,,26.0,,28.0,88.0,1002.0,2.0,Trung bình
2025-05-09 04:00:00,"Hà Nội/UBND xã An Khánh - Hoài Đức, Vietnam",21.002383,105.718038,59,59,20.0,0.1,12.9,,,28.0,88.0,1002.0,3.6,Trung bình
2025-05-09 04:00:00,"Hà Nội/Mầm non Vân Hà – Đông Anh, Vietnam",21.148273,105.913306,55,55,18.0,0.1,3.3,,,28.0,88.0,1002.0,3.6,Trung bình
2025-05-09 05:00:00,"Bắc Ninh/Phù Xá - Văn Môn, Vietnam",21.1638526,105.9235646,9,9,8.0,1.0,,3.0,116.0,28.0,88.0,1002.0,3.6,Tốt
2025-05-09 05:00:00,"Thái nguyên/Đường Hùng Vương - Tp Thái Nguyên, Vietnam",21.593151,105.8431043,55,55,47.0,2.0,,,3.0,28.0,88.0,1002.0,3.6,Trung bình
2025-05-09 05:00:00,"Lạng Sơn/phường Chi Lăng - TP Lạng Sơn, Vietnam",21.843325,106.7506,-,16,1.0,1.0,,2.0,10.0,26.4,92.6,972.4,3.0,Không xác định
2025-05-09 05:00:00,"Viet Tri, Vietnam (Tp Việt Trì)",21.33847,105.3673,50,50,34.0,12.0,23.0,54.0,14.0,28.0,88.0,1002.0,3.6,Tốt
2025-04-24 07:00:00,"Ninh Bình/Cúc Phương, Đông Phong, Nho Quan - KTTV - Trạm cảm biến, Vietnam",20.320741,105.745489,66,66,40.0,100.0,11.0,1.0,2.0,27.0,83.0,1008.0,3.0,Trung bình
2025-05-06 10:00:00,"Thanh Hoá/UBND P. Lam Sơn, TX. Bỉm Sơn, Vietnam",19.91053,105.4039,14,14,11.0,5.0,,1.0,22.0,27.4,88.9,1006.2,1.0,Tốt
2025-05-09 04:00:00,"Thừa Thiên Huế/83 Hùng Vương, Vietnam",16.46226,107.596351,12,12,8.0,3.0,6.0,4.0,26.0,28.0,74.0,1004.0,1.5,Tốt
2025-05-09 05:00:00,"Da Nang, Vietnam (TP Đà Nẵng)",16.074,108.217,14,14,10.0,3.0,19.0,,,27.0,83.0,1005.0,1.8,Tốt
2025-04-24 09:00:00,"Gia Lai/Phù Đổng, Thành phố Pleiku - KTTV - Trạm cảm biến, Vietnam",13.968848,108.017617,46,46,45.0,19.0,113.0,5.0,43.0,23.0,86.9,925.6,2.0,Tốt
2025-05-06 20:00:00,"Nha Trang, Vietnam",12.284358,109.192524,40,40,27.0,7.0,12.0,11.0,,30.0,70.0,1008.0,1.2,Tốt
2025-05-09 05:00:00,"Vũng Tàu/Tiểu học Tóc Tiên - TX.Phú Mỹ, Vietnam",10.589853,107.131743,26,26,19.0,2.0,3.0,4.0,3.0,29.0,83.0,1007.0,2.5,Tốt
2025-05-09 05:00:00,"Vũng Tàu/Ngã tư Giếng nước - Tp.Vũng Tàu, Vietnam",10.367976,107.0844,17,17,12.0,1.0,1.0,7.0,3.0,28.8,80.0,1006.8,1.0,Tốt
2025-05-09 05:00:00,"Hà Nội/TT giao lưu văn hóa phố cổ - Hoàn Kiếm, Vietnam",21.035584,105.852771,41,41,16.0,0.1,15.2,,,28.0,88.0,1002.5,2.0,Tốt
2025-05-09 06:00:00,"Hà Nội/Chi cục BVMT, Vietnam",21.01525,105.80013,84,84,,0.1,,,,28.0,88.0,1004.0,2.5,Trung bình
2025-05-09 06:00:00,"Bắc Ninh/UBND_xã Xuân Lâm, Vietnam",21.0243474,106.0172877,104,104,63.0,3.0,,20.0,,28.0,88.0,1002.5,2.0,Không tốt cho nhóm nhạy cảm
2025-05-09 05:00:00,"Hà Nội/UBND xã An Khánh - Hoài Đức, Vietnam",21.002383,105.718038,78,78,27.0,0.1,15.6,,,28.0,88.0,1002.5,2.0,Trung bình
2025-05-09 05:00:00,"Hà Nội/Mầm non Vân Hà – Đông Anh, Vietnam",21.148273,105.913306,54,54,18.0,0.1,3.8,,,28.0,88.0,1002.5,2.0,Trung bình
2025-05-09 06:00:00,"Bắc Ninh/Phù Xá - Văn Môn, Vietnam",21.1638526,105.9235646,9,9,8.0,1.0,,4.0,115.0,28.0,88.0,1002.5,2.0,Tốt
2025-05-09 06:00:00,"Thái nguyên/Đường Hùng Vương - Tp Thái Nguyên, Vietnam",21.593151,105.8431043,46,46,45.0,3.0,,,3.0,28.0,88.0,1002.5,2.0,Tốt
2025-05-09 06:00:00,"Lạng Sơn/phường Chi Lăng - TP Lạng Sơn, Vietnam",21.843325,106.7506,-,16,1.0,1.0,,5.0,10.0,26.4,92.6,972.4,3.0,Không xác định
2025-05-09 06:00:00,"Viet Tri, Vietnam (Tp Việt Trì)",21.33847,105.3673,55,55,37.0,12.0,21.0,47.0,13.0,28.0,88.0,1002.5,2.0,Trung bình
2025-04-24 07:00:00,"Ninh Bình/Cúc Phương, Đông Phong, Nho Quan - KTTV - Trạm cảm biến, Vietnam",20.320741,105.745489,66,66,40.0,100.0,11.0,1.0,2.0,27.0,83.0,1008.0,3.0,Trung bình
2025-05-06 10:00:00,"Thanh Hoá/UBND P. Lam Sơn, TX. Bỉm Sơn, Vietnam",19.91053,105.4039,14,14,11.0,5.0,,1.0,22.0,27.4,88.9,1006.2,1.0,Tốt
2025-05-09 05:00:00,"Thừa Thiên Huế/83 Hùng Vương, Vietnam",16.46226,107.596351,13,13,9.0,5.0,6.0,5.0,27.0,28.0,74.0,1004.0,1.5,Tốt
2025-05-09 06:00:00,"Da Nang, Vietnam (TP Đà Nẵng)",16.074,108.217,15,15,10.0,3.0,19.0,,,26.5,85.5,1005.0,1.8,Tốt
2025-04-24 09:00:00,"Gia Lai/Phù Đổng, Thành phố Pleiku - KTTV - Trạm cảm biến, Vietnam",13.968848,108.017617,46,46,45.0,19.0,113.0,5.0,43.0,23.0,86.9,925.6,2.0,Tốt
2025-05-06 20:00:00,"Nha Trang, Vietnam",12.284358,109.192524,40,40,27.0,7.0,12.0,11.0,,30.0,70.0,1008.0,1.2,Tốt
2025-05-09 06:00:00,"Vũng Tàu/Tiểu học Tóc Tiên - TX.Phú Mỹ, Vietnam",10.589853,107.131743,38,38,35.0,4.0,3.0,5.0,3.0,28.0,88.0,1007.0,2.5,Tốt
2025-05-09 06:00:00,"Vũng Tàu/Ngã tư Giếng nước - Tp.Vũng Tàu, Vietnam",10.367976,107.0844,26,26,18.0,2.0,1.0,4.0,3.0,28.8,79.0,1007.6,3.0,Tốt
2025-05-09 09:00:00,"Hà Nội/TT giao lưu văn hóa phố cổ - Hoàn Kiếm, Vietnam",21.035584,105.852771,50,50,20.0,0.1,31.7,,,31.5,72.0,1007.0,3.8,Tốt
2025-05-09 10:00:00,"Hà Nội/Chi cục BVMT, Vietnam",21.01525,105.80013,67,67,,0.1,,,,33.0,70.0,1007.0,3.0,Trung bình
2025-05-09 10:00:00,"Bắc Ninh/UBND_xã Xuân Lâm, Vietnam",21.0243474,106.0172877,127,127,82.0,3.0,,22.0,,33.0,70.0,1007.0,3.0,Không tốt cho nhóm nhạy cảm
2025-05-09 09:00:00,"Hà Nội/UBND xã An Khánh - Hoài Đức, Vietnam",21.002383,105.718038,77,77,27.0,0.1,17.3,,,31.5,72.0,1007.0,3.8,Trung bình
2025-05-09 09:00:00,"Hà Nội/Mầm non Vân Hà – Đông Anh, Vietnam",21.148273,105.913306,79,79,29.0,0.1,7.0,,,31.5,72.0,1007.0,3.8,Trung bình
2025-05-09 10:00:00,"Bắc Ninh/Phù Xá - Văn Môn, Vietnam",21.1638526,105.9235646,11,11,8.0,1.0,,3.0,118.0,33.0,70.0,1007.0,3.0,Tốt
2025-05-09 10:00:00,"Thái nguyên/Đường Hùng Vương - Tp Thái Nguyên, Vietnam",21.593151,105.8431043,59,59,50.0,3.0,,,4.0,31.5,72.0,1007.0,3.8,Trung bình
2025-05-09 10:00:00,"Lạng Sơn/phường Chi Lăng - TP Lạng Sơn, Vietnam",21.843325,106.7506,-,16,1.0,1.0,,8.0,10.0,27.8,83.8,975.0,3.0,Không xác định
2025-05-09 10:00:00,"Viet Tri, Vietnam (Tp Việt Trì)",21.33847,105.3673,61,61,39.0,12.0,24.0,63.0,16.0,33.0,70.0,1007.0,3.0,Trung bình
2025-04-24 07:00:00,"Ninh Bình/Cúc Phương, Đông Phong, Nho Quan - KTTV - Trạm cảm biến, Vietnam",20.320741,105.745489,66,66,40.0,100.0,11.0,1.0,2.0,27.0,83.0,1008.0,3.0,Trung bình
2025-05-06 10:00:00,"Thanh Hoá/UBND P. Lam Sơn, TX. Bỉm Sơn, Vietnam",19.91053,105.4039,14,14,11.0,5.0,,1.0,22.0,27.4,88.9,1006.2,1.0,Tốt
2025-05-09 09:00:00,"Thừa Thiên Huế/83 Hùng Vương, Vietnam",16.46226,107.596351,14,14,13.0,6.0,6.0,4.0,26.0,36.0,47.0,1006.0,2.3,Tốt
2025-05-09 10:00:00,"Da Nang, Vietnam (TP Đà Nẵng)",16.074,108.217,38,38,29.0,3.0,19.0,,,36.0,53.0,1006.0,0.5,Tốt
2025-04-24 09:00:00,"Gia Lai/Phù Đổng, Thành phố Pleiku - KTTV - Trạm cảm biến, Vietnam",13.968848,108.017617,46,46,45.0,19.0,113.0,5.0,43.0,23.0,86.9,925.6,2.0,Tốt
2025-05-06 20:00:00,"Nha Trang, Vietnam",12.284358,109.192524,40,40,27.0,7.0,12.0,11.0,,30.0,70.0,1008.0,1.2,Tốt
2025-05-09 10:00:00,"Vũng Tàu/Tiểu học Tóc Tiên - TX.Phú Mỹ, Vietnam",10.589853,107.131743,56,30,56.0,3.0,4.0,4.0,3.0,32.0,66.0,1009.0,3.0,Trung bình
2025-05-09 10:00:00,"Vũng Tàu/Ngã tư Giếng nước - Tp.Vũng Tàu, Vietnam",10.367976,107.0844,11,11,9.0,2.0,2.0,3.0,3.0,32.2,69.0,1009.2,2.6,Tốt
2025-05-09 11:00:00,"Hà Nội/TT giao lưu văn hóa phố cổ - Hoàn Kiếm, Vietnam",21.035584,105.852771,65,65,25.0,0.1,22.9,,,33.0,66.0,1006.5,3.6,Trung bình
2025-05-09 11:00:00,"Hà Nội/Chi cục BVMT, Vietnam",21.01525,105.80013,53,53,,0.1,,,,33.0,66.0,1007.0,3.6,Trung bình
2025-05-09 11:00:00,"Bắc Ninh/UBND_xã Xuân Lâm, Vietnam",21.0243474,106.0172877,132,132,84.0,3.0,,25.0,,33.0,66.0,1007.0,3.6,Không tốt cho nhóm nhạy cảm
2025-05-09 11:00:00,"Hà Nội/UBND xã An Khánh - Hoài Đức, Vietnam",21.002383,105.718038,97,97,35.0,0.1,15.2,,,33.0,66.0,1006.5,3.6,Trung bình
2025-05-09 10:00:00,"Hà Nội/Mầm non Vân Hà – Đông Anh, Vietnam",21.148273,105.913306,-,73,26.0,0.1,6.4,,,33.0,68.0,1007.0,3.3,Không xác định
2025-05-09 11:00:00,"Bắc Ninh/Phù Xá - Văn Môn, Vietnam",21.1638526,105.9235646,11,11,9.0,1.0,,2.0,122.0,33.0,66.0,1007.0,3.6,Tốt
2025-05-09 11:00:00,"Thái nguyên/Đường Hùng Vương - Tp Thái Nguyên, Vietnam",21.593151,105.8431043,72,72,52.0,2.0,,,4.0,33.0,68.0,1007.0,3.3,Trung bình
2025-05-09 11:00:00,"Lạng Sơn/phường Chi Lăng - TP Lạng Sơn, Vietnam",21.843325,106.7506,-,16,1.0,1.0,,12.0,9.0,25.5,87.7,977.8,1.0,Không xác định
2025-05-09 11:00:00,"Viet Tri, Vietnam (Tp Việt Trì)",21.33847,105.3673,62,62,39.0,12.0,22.0,49.0,17.0,33.0,66.0,1007.0,3.6,Trung bình
2025-04-24 07:00:00,"Ninh Bình/Cúc Phương, Đông Phong, Nho Quan - KTTV - Trạm cảm biến, Vietnam",20.320741,105.745489,66,66,40.0,100.0,11.0,1.0,2.0,27.0,83.0,1008.0,3.0,Trung bình
2025-05-06 10:00:00,"Thanh Hoá/UBND P. Lam Sơn, TX. Bỉm Sơn, Vietnam",19.91053,105.4039,14,14,11.0,5.0,,1.0,22.0,27.4,88.9,1006.2,1.0,Tốt
2025-05-09 10:00:00,"Thừa Thiên Huế/83 Hùng Vương, Vietnam",16.46226,107.596351,13,13,13.0,5.0,5.0,4.0,26.0,37.0,42.0,1006.0,1.5,Tốt
2025-05-09 11:00:00,"Da Nang, Vietnam (TP Đà Nẵng)",16.074,108.217,36,36,28.0,3.0,19.0,,,36.0,53.0,1006.0,3.6,Tốt
2025-04-24 09:00:00,"Gia Lai/Phù Đổng, Thành phố Pleiku - KTTV - Trạm cảm biến, Vietnam",13.968848,108.017617,46,46,45.0,19.0,113.0,5.0,43.0,23.0,86.9,925.6,2.0,Tốt
2025-05-06 20:00:00,"Nha Trang, Vietnam",12.284358,109.192524,40,40,27.0,7.0,12.0,11.0,,30.0,70.0,1008.0,1.2,Tốt
2025-05-09 11:00:00,"Vũng Tàu/Tiểu học Tóc Tiên - TX.Phú Mỹ, Vietnam",10.589853,107.131743,53,27,53.0,3.0,4.0,5.0,3.0,33.0,62.0,1008.0,3.6,Trung bình
2025-05-09 11:00:00,"Vũng Tàu/Ngã tư Giếng nước - Tp.Vũng Tàu, Vietnam",10.367976,107.0844,10,10,8.0,2.0,2.0,3.0,3.0,33.8,65.3,1008.3,5.3,Tốt
2025-05-09 11:00:00,"Hà Nội/TT giao lưu văn hóa phố cổ - Hoàn Kiếm, Vietnam",21.035584,105.852771,65,65,25.0,0.1,22.9,,,33.0,66.0,1006.5,3.6,Trung bình
2025-05-09 12:00:00,"Hà Nội/Chi cục BVMT, Vietnam",21.01525,105.80013,112,112,,0.1,,,,34.0,66.0,1006.0,4.1,Không tốt cho nhóm nhạy cảm
2025-05-09 12:00:00,"Bắc Ninh/UBND_xã Xuân Lâm, Vietnam",21.0243474,106.0172877,133,133,83.0,3.0,,36.0,,34.0,66.0,1006.0,4.1,Không tốt cho nhóm nhạy cảm
2025-05-09 11:00:00,"Hà Nội/UBND xã An Khánh - Hoài Đức, Vietnam",21.002383,105.718038,97,97,35.0,0.1,15.2,,,33.0,66.0,1006.5,3.6,Trung bình
2025-05-09 11:00:00,"Hà Nội/Mầm non Vân Hà – Đông Anh, Vietnam",21.148273,105.913306,74,74,26.0,0.1,4.8,,,33.0,66.0,1006.5,3.6,Trung bình
2025-05-09 12:00:00,"Bắc Ninh/Phù Xá - Văn Môn, Vietnam",21.1638526,105.9235646,11,11,8.0,1.0,,1.0,126.0,34.0,66.0,1006.0,4.1,Tốt
2025-05-09 12:00:00,"Thái nguyên/Đường Hùng Vương - Tp Thái Nguyên, Vietnam",21.593151,105.8431043,105,105,57.0,2.0,,,2.0,33.0,66.0,1006.5,3.6,Không tốt cho nhóm nhạy cảm
2025-05-09 12:00:00,"Lạng Sơn/phường Chi Lăng - TP Lạng Sơn, Vietnam",21.843325,106.7506,-,16,1.0,1.0,,17.0,10.0,25.5,87.7,977.8,1.0,Không xác định
2025-05-09 12:00:00,"Viet Tri, Vietnam (Tp Việt Trì)",21.33847,105.3673,62,62,38.0,12.0,23.0,59.0,17.0,34.0,66.0,1006.0,4.1,Trung bình
2025-04-24 07:00:00,"Ninh Bình/Cúc Phương, Đông Phong, Nho Quan - KTTV - Trạm cảm biến, Vietnam",20.320741,105.745489,66,66,40.0,100.0,11.0,1.0,2.0,27.0,83.0,1008.0,3.0,Trung bình
2025-05-06 10:00:00,"Thanh Hoá/UBND P. Lam Sơn, TX. Bỉm Sơn, Vietnam",19.91053,105.4039,14,14,11.0,5.0,,1.0,22.0,27.4,88.9,1006.2,1.0,Tốt
2025-05-09 11:00:00,"Thừa Thiên Huế/83 Hùng Vương, Vietnam",16.46226,107.596351,17,17,15.0,5.0,6.0,4.0,26.0,37.0,43.0,1005.0,2.3,Tốt
2025-05-09 12:00:00,"Da Nang, Vietnam (TP Đà Nẵng)",16.074,108.217,33,33,25.0,3.0,19.0,,,35.5,54.5,1005.5,3.6,Tốt
2025-04-24 09:00:00,"Gia Lai/Phù Đổng, Thành phố Pleiku - KTTV - Trạm cảm biến, Vietnam",13.968848,108.017617,46,46,45.0,19.0,113.0,5.0,43.0,23.0,86.9,925.6,2.0,Tốt
2025-05-06 20:00:00,"Nha Trang, Vietnam",12.284358,109.192524,40,40,27.0,7.0,12.0,11.0,,30.0,70.0,1008.0,1.2,Tốt
2025-05-09 12:00:00,"Vũng Tàu/Tiểu học Tóc Tiên - TX.Phú Mỹ, Vietnam",10.589853,107.131743,51,26,51.0,3.0,4.0,5.0,4.0,34.0,59.0,1007.0,2.5,Trung bình
2025-05-09 12:00:00,"Vũng Tàu/Ngã tư Giếng nước - Tp.Vũng Tàu, Vietnam",10.367976,107.0844,10,10,8.0,2.0,2.0,4.0,3.0,33.8,64.0,1007.2,3.6,Tốt
2025-05-09 13:00:00,"Hà Nội/TT giao lưu văn hóa phố cổ - Hoàn Kiếm, Vietnam",21.035584,105.852771,-,70,27.0,0.1,19.6,,,32.0,70.0,1005.0,5.1,Không xác định
2025-05-09 13:00:00,"Hà Nội/Chi cục BVMT, Vietnam",21.01525,105.80013,99,99,,0.1,,,,32.0,70.0,1005.0,5.1,Trung bình
2025-05-09 13:00:00,"Bắc Ninh/UBND_xã Xuân Lâm, Vietnam",21.0243474,106.0172877,148,148,84.0,3.0,,59.0,,32.0,70.0,1005.0,5.1,Không tốt cho nhóm nhạy cảm
2025-05-09 13:00:00,"Hà Nội/UBND xã An Khánh - Hoài Đức, Vietnam",21.002383,105.718038,94,94,32.0,0.1,9.9,,,32.0,70.0,1005.0,5.1,Trung bình
2025-05-09 13:00:00,"Hà Nội/Mầm non Vân Hà – Đông Anh, Vietnam",21.148273,105.913306,85,85,29.0,0.1,4.1,,,32.0,70.0,1005.0,5.1,Trung bình
2025-05-09 13:00:00,"Bắc Ninh/Phù Xá - Văn Môn, Vietnam",21.1638526,105.9235646,11,11,8.0,1.0,,1.0,130.0,32.0,70.0,1005.0,5.1,Tốt
2025-05-09 13:00:00,"Thái nguyên/Đường Hùng Vương - Tp Thái Nguyên, Vietnam",21.593151,105.8431043,97,97,54.0,1.0,,,2.0,34.0,64.5,1006.0,4.6,Trung bình
2025-05-09 13:00:00,"Lạng Sơn/phường Chi Lăng - TP Lạng Sơn, Vietnam",21.843325,106.7506,-,16,1.0,1.0,,24.0,10.0,25.5,87.7,977.8,1.0,Không xác định
2025-05-09 13:00:00,"Viet Tri, Vietnam (Tp Việt Trì)",21.33847,105.3673,57,57,36.0,13.0,19.0,83.0,16.0,32.0,70.0,1005.0,5.1,Trung bình
2025-04-24 07:00:00,"Ninh Bình/Cúc Phương, Đông Phong, Nho Quan - KTTV - Trạm cảm biến, Vietnam",20.320741,105.745489,66,66,40.0,100.0,11.0,1.0,2.0,27.0,83.0,1008.0,3.0,Trung bình
2025-05-06 10:00:00,"Thanh Hoá/UBND P. Lam Sơn, TX. Bỉm Sơn, Vietnam",19.91053,105.4039,14,14,11.0,5.0,,1.0,22.0,27.4,88.9,1006.2,1.0,Tốt
2025-05-09 12:00:00,"Thừa Thiên Huế/83 Hùng Vương, Vietnam",16.46226,107.596351,17,17,14.0,3.0,6.0,5.0,26.0,36.5,45.5,1004.5,3.6,Tốt
2025-05-09 13:00:00,"Da Nang, Vietnam (TP Đà Nẵng)",16.074,108.217,27,27,20.0,3.0,19.0,,,34.0,59.0,1004.0,4.6,Tốt
2025-04-24 09:00:00,"Gia Lai/Phù Đổng, Thành phố Pleiku - KTTV - Trạm cảm biến, Vietnam",13.968848,108.017617,46,46,45.0,19.0,113.0,5.0,43.0,23.0,86.9,925.6,2.0,Tốt
2025-05-06 20:00:00,"Nha Trang, Vietnam",12.284358,109.192524,40,40,27.0,7.0,12.0,11.0,,30.0,70.0,1008.0,1.2,Tốt
2025-05-09 13:00:00,"Vũng Tàu/Tiểu học Tóc Tiên - TX.Phú Mỹ, Vietnam",10.589853,107.131743,44,23,44.0,2.0,3.0,5.0,4.0,34.0,59.0,1006.0,3.6,Tốt
2025-05-09 13:00:00,"Vũng Tàu/Ngã tư Giếng nước - Tp.Vũng Tàu, Vietnam",10.367976,107.0844,11,11,8.0,1.0,2.0,13.0,3.0,33.8,64.0,1006.2,6.0,Tốt
2025-05-09 13:00:00,"Hà Nội/TT giao lưu văn hóa phố cổ - Hoàn Kiếm, Vietnam",21.035584,105.852771,-,70,27.0,0.1,19.6,,,32.0,70.0,1005.0,5.1,Không xác định
2025-05-09 14:00:00,"Hà Nội/Chi cục BVMT, Vietnam",21.01525,105.80013,130,130,,0.1,,,,35.0,56.0,1004.0,4.6,Không tốt cho nhóm nhạy cảm
2025-05-09 14:00:00,"Bắc Ninh/UBND_xã Xuân Lâm, Vietnam",21.0243474,106.0172877,150,150,82.0,2.0,,99.0,,35.0,56.0,1004.0,4.6,Không tốt cho nhóm nhạy cảm
2025-05-09 13:00:00,"Hà Nội/UBND xã An Khánh - Hoài Đức, Vietnam",21.002383,105.718038,94,94,32.0,0.1,9.9,,,32.0,70.0,1005.0,5.1,Trung bình
2025-05-09 13:00:00,"Hà Nội/Mầm non Vân Hà – Đông Anh, Vietnam",21.148273,105.913306,85,85,29.0,0.1,4.1,,,32.0,70.0,1005.0,5.1,Trung bình
2025-05-09 14:00:00,"Bắc Ninh/Phù Xá - Văn Môn, Vietnam",21.1638526,105.9235646,11,11,7.0,1.0,,1.0,133.0,32.0,70.0,1005.0,5.1,Tốt
2025-05-09 14:00:00,"Thái nguyên/Đường Hùng Vương - Tp Thái Nguyên, Vietnam",21.593151,105.8431043,80,80,43.0,1.0,,,1.0,35.0,56.0,1004.0,4.6,Trung bình
2025-05-09 14:00:00,"Lạng Sơn/phường Chi Lăng - TP Lạng Sơn, Vietnam",21.843325,106.7506,-,16,1.0,1.0,,29.0,10.0,29.6,66.5,976.3,2.0,Không xác định
2025-05-09 14:00:00,"Viet Tri, Vietnam (Tp Việt Trì)",21.33847,105.3673,56,56,35.0,13.0,18.0,46.0,16.0,35.0,56.0,1004.0,4.6,Trung bình
2025-04-24 07:00:00,"Ninh Bình/Cúc Phương, Đông Phong, Nho Quan - KTTV - Trạm cảm biến, Vietnam",20.320741,105.745489,66,66,40.0,100.0,11.0,1.0,2.0,27.0,83.0,1008.0,3.0,Trung bình
2025-05-06 10:00:00,"Thanh Hoá/UBND P. Lam Sơn, TX. Bỉm Sơn, Vietnam",19.91053,105.4039,14,14,11.0,5.0,,1.0,22.0,27.4,88.9,1006.2,1.0,Tốt
2025-05-09 13:00:00,"Thừa Thiên Huế/83 Hùng Vương, Vietnam",16.46226,107.596351,19,19,15.0,3.0,6.0,5.0,26.0,36.0,44.0,1004.0,3.6,Tốt
2025-05-09 14:00:00,"Da Nang, Vietnam (TP Đà Nẵng)",16.074,108.217,27,27,19.0,3.0,19.0,,,34.0,59.0,1004.0,4.6,Tốt
2025-04-24 09:00:00,"Gia Lai/Phù Đổng, Thành phố Pleiku - KTTV - Trạm cảm biến, Vietnam",13.968848,108.017617,46,46,45.0,19.0,113.0,5.0,43.0,23.0,86.9,925.6,2.0,Tốt
2025-05-06 20:00:00,"Nha Trang, Vietnam",12.284358,109.192524,40,40,27.0,7.0,12.0,11.0,,30.0,70.0,1008.0,1.2,Tốt
2025-05-09 14:00:00,"Vũng Tàu/Tiểu học Tóc Tiên - TX.Phú Mỹ, Vietnam",10.589853,107.131743,43,23,43.0,2.0,3.0,6.0,4.0,35.0,53.0,1005.0,4.1,Tốt
2025-05-09 14:00:00,"Vũng Tàu/Ngã tư Giếng nước - Tp.Vũng Tàu, Vietnam",10.367976,107.0844,12,12,9.0,2.0,2.0,11.0,3.0,34.7,61.5,1004.8,4.0,Tốt
2025-05-09 15:00:00,"Hà Nội/TT giao lưu văn hóa phố cổ - Hoàn Kiếm, Vietnam",21.035584,105.852771,58,58,20.0,0.1,13.0,,,35.0,53.0,1004.0,3.6,Trung bình
2025-05-09 15:00:00,"Hà Nội/Chi cục BVMT, Vietnam",21.01525,105.80013,110,110,,0.1,,,,35.0,53.0,1004.0,3.6,Không tốt cho nhóm nhạy cảm
2025-05-09 15:00:00,"Bắc Ninh/UBND_xã Xuân Lâm, Vietnam",21.0243474,106.0172877,144,144,77.0,2.0,,101.0,,35.0,56.0,1004.0,4.1,Không tốt cho nhóm nhạy cảm
2025-05-09 15:00:00,"Hà Nội/UBND xã An Khánh - Hoài Đức, Vietnam",21.002383,105.718038,78,78,26.0,0.1,11.0,,,34.5,52.5,1004.0,3.6,Trung bình
2025-05-09 15:00:00,"Hà Nội/Mầm non Vân Hà – Đông Anh, Vietnam",21.148273,105.913306,71,71,22.0,0.1,4.7,,,34.5,52.5,1004.0,3.6,Trung bình
2025-05-09 15:00:00,"Bắc Ninh/Phù Xá - Văn Môn, Vietnam",21.1638526,105.9235646,10,10,7.0,1.0,,1.0,137.0,35.0,53.0,1004.0,3.6,Tốt
2025-05-09 15:00:00,"Thái nguyên/Đường Hùng Vương - Tp Thái Nguyên, Vietnam",21.593151,105.8431043,60,60,31.0,1.0,,,1.0,35.0,53.0,1004.0,3.6,Trung bình
2025-05-09 15:00:00,"Lạng Sơn/phường Chi Lăng - TP Lạng Sơn, Vietnam",21.843325,106.7506,-,16,1.0,1.0,,34.0,9.0,29.6,66.5,976.3,2.0,Không xác định
2025-05-09 15:00:00,"Viet Tri, Vietnam (Tp Việt Trì)",21.33847,105.3673,55,55,33.0,13.0,17.0,46.0,14.0,35.0,56.0,1004.0,4.1,Trung bình
2025-04-24 07:00:00,"Ninh Bình/Cúc Phương, Đông Phong, Nho Quan - KTTV - Trạm cảm biến, Vietnam",20.320741,105.745489,66,66,40.0,100.0,11.0,1.0,2.0,27.0,83.0,1008.0,3.0,Trung bình
2025-05-06 10:00:00,"Thanh Hoá/UBND P. Lam Sơn, TX. Bỉm Sơn, Vietnam",19.91053,105.4039,14,14,11.0,5.0,,1.0,22.0,27.4,88.9,1006.2,1.0,Tốt
2025-05-09 14:00:00,"Thừa Thiên Huế/83 Hùng Vương, Vietnam",16.46226,107.596351,32,32,23.0,4.0,6.0,4.0,26.0,34.0,57.5,1003.0,4.1,Tốt
2025-05-09 15:00:00,"Da Nang, Vietnam (TP Đà Nẵng)",16.074,108.217,30,30,21.0,3.0,19.0,,,31.5,68.0,1004.0,3.3,Tốt
2025-04-24 09:00:00,"Gia Lai/Phù Đổng, Thành phố Pleiku - KTTV - Trạm cảm biến, Vietnam",13.968848,108.017617,46,46,45.0,19.0,113.0,5.0,43.0,23.0,86.9,925.6,2.0,Tốt
2025-05-06 20:00:00,"Nha Trang, Vietnam",12.284358,109.192524,40,40,27.0,7.0,12.0,11.0,,30.0,70.0,1008.0,1.2,Tốt
2025-05-09 15:00:00,"Vũng Tàu/Tiểu học Tóc Tiên - TX.Phú Mỹ, Vietnam",10.589853,107.131743,46,26,46.0,1.0,3.0,6.0,3.0,35.0,53.0,1004.5,4.3,Tốt
2025-05-09 15:00:00,"Vũng Tàu/Ngã tư Giếng nước - Tp.Vũng Tàu, Vietnam",10.367976,107.0844,12,12,10.0,3.0,2.0,5.0,3.0,34.6,63.0,1004.1,3.6,Tốt
2025-05-09 15:00:00,"Hà Nội/TT giao lưu văn hóa phố cổ - Hoàn Kiếm, Vietnam",21.035584,105.852771,58,58,20.0,0.1,13.0,,,35.0,53.0,1004.0,3.6,Trung bình
2025-05-09 16:00:00,"Hà Nội/Chi cục BVMT, Vietnam",21.01525,105.80013,110,110,,0.1,,,,33.0,59.0,1003.0,3.0,Không tốt cho nhóm nhạy cảm
2025-05-09 16:00:00,"Bắc Ninh/UBND_xã Xuân Lâm, Vietnam",21.0243474,106.0172877,138,138,76.0,3.0,,91.0,,34.5,52.5,1004.0,3.6,Không tốt cho nhóm nhạy cảm
2025-05-09 15:00:00,"Hà Nội/UBND xã An Khánh - Hoài Đức, Vietnam",21.002383,105.718038,78,78,26.0,0.1,11.0,,,34.5,52.5,1004.0,3.6,Trung bình
2025-05-09 15:00:00,"Hà Nội/Mầm non Vân Hà – Đông Anh, Vietnam",21.148273,105.913306,71,71,22.0,0.1,4.7,,,34.5,52.5,1004.0,3.6,Trung bình
2025-05-09 16:00:00,"Bắc Ninh/Phù Xá - Văn Môn, Vietnam",21.1638526,105.9235646,10,10,7.0,1.0,,1.0,137.0,33.0,59.0,1003.0,3.0,Tốt
2025-05-09 15:00:00,"Thái nguyên/Đường Hùng Vương - Tp Thái Nguyên, Vietnam",21.593151,105.8431043,60,60,31.0,1.0,,,1.0,35.0,53.0,1004.0,3.6,Trung bình
2025-05-09 15:00:00,"Lạng Sơn/phường Chi Lăng - TP Lạng Sơn, Vietnam",21.843325,106.7506,-,16,1.0,1.0,,34.0,9.0,29.6,66.5,976.3,2.0,Không xác định
2025-05-09 16:00:00,"Viet Tri, Vietnam (Tp Việt Trì)",21.33847,105.3673,51,51,30.0,13.0,19.0,42.0,13.0,34.5,52.5,1004.0,3.6,Trung bình
2025-04-24 07:00:00,"Ninh Bình/Cúc Phương, Đông Phong, Nho Quan - KTTV - Trạm cảm biến, Vietnam",20.320741,105.745489,66,66,40.0,100.0,11.0,1.0,2.0,27.0,83.0,1008.0,3.0,Trung bình
2025-05-06 10:00:00,"Thanh Hoá/UBND P. Lam Sơn, TX. Bỉm Sơn, Vietnam",19.91053,105.4039,14,14,11.0,5.0,,1.0,22.0,27.4,88.9,1006.2,1.0,Tốt
2025-05-09 15:00:00,"Thừa Thiên Huế/83 Hùng Vương, Vietnam",16.46226,107.596351,35,35,25.0,5.0,6.0,4.0,26.0,33.0,59.0,1003.0,3.6,Tốt
2025-05-09 16:00:00,"Da Nang, Vietnam (TP Đà Nẵng)",16.074,108.217,32,32,22.0,4.0,19.0,,,30.0,66.0,1005.0,4.6,Tốt
2025-04-24 09:00:00,"Gia Lai/Phù Đổng, Thành phố Pleiku - KTTV - Trạm cảm biến, Vietnam",13.968848,108.017617,46,46,45.0,19.0,113.0,5.0,43.0,23.0,86.9,925.6,2.0,Tốt
2025-05-06 20:00:00,"Nha Trang, Vietnam",12.284358,109.192524,40,40,27.0,7.0,12.0,11.0,,30.0,70.0,1008.0,1.2,Tốt
2025-05-09 16:00:00,"Vũng Tàu/Tiểu học Tóc Tiên - TX.Phú Mỹ, Vietnam",10.589853,107.131743,56,30,56.0,2.0,7.0,7.0,4.0,34.0,59.0,1003.0,3.6,Trung bình
2025-05-09 16:00:00,"Vũng Tàu/Ngã tư Giếng nước - Tp.Vũng Tàu, Vietnam",10.367976,107.0844,12,12,11.0,4.0,4.0,3.0,3.0,33.8,67.0,1003.8,5.3,Tốt
2025-05-09 17:00:00,"Hà Nội/TT giao lưu văn hóa phố cổ - Hoàn Kiếm, Vietnam",21.035584,105.852771,65,65,24.0,0.1,27.9,,,32.0,66.0,1003.5,2.8,Trung bình
2025-05-09 17:00:00,"Hà Nội/Chi cục BVMT, Vietnam",21.01525,105.80013,86,86,,0.1,,,,32.0,66.0,1004.0,2.5,Trung bình
2025-05-09 17:00:00,"Bắc Ninh/UBND_xã Xuân Lâm, Vietnam",21.0243474,106.0172877,146,146,85.0,6.0,,94.0,,33.0,59.0,1003.0,3.0,Không tốt cho nhóm nhạy cảm
2025-05-09 16:00:00,"Hà Nội/UBND xã An Khánh - Hoài Đức, Vietnam",21.002383,105.718038,87,87,29.0,0.1,17.2,,,33.0,59.0,1003.0,3.0,Trung bình
2025-05-09 16:00:00,"Hà Nội/Mầm non Vân Hà – Đông Anh, Vietnam",21.148273,105.913306,73,73,24.0,0.1,4.6,,,33.0,59.0,1003.0,3.0,Trung bình
2025-05-09 17:00:00,"Bắc Ninh/Phù Xá - Văn Môn, Vietnam",21.1638526,105.9235646,10,10,8.0,1.0,,2.0,137.0,33.0,59.0,1003.0,3.0,Tốt
2025-05-09 15:00:00,"Thái nguyên/Đường Hùng Vương - Tp Thái Nguyên, Vietnam",21.593151,105.8431043,60,60,31.0,1.0,,,1.0,35.0,53.0,1004.0,3.6,Trung bình
2025-05-09 15:00:00,"Lạng Sơn/phường Chi Lăng - TP Lạng Sơn, Vietnam",21.843325,106.7506,-,16,1.0,1.0,,34.0,9.0,29.6,66.5,976.3,2.0,Không xác định
2025-05-09 17:00:00,"Viet Tri, Vietnam (Tp Việt Trì)",21.33847,105.3673,71,71,44.0,12.0,21.0,30.0,14.0,33.0,59.0,1003.0,3.0,Trung bình
2025-04-24 07:00:00,"Ninh Bình/Cúc Phương, Đông Phong, Nho Quan - KTTV - Trạm cảm biến, Vietnam",20.320741,105.745489,66,66,40.0,100.0,11.0,1.0,2.0,27.0,83.0,1008.0,3.0,Trung bình
2025-05-06 10:00:00,"Thanh Hoá/UBND P. Lam Sơn, TX. Bỉm Sơn, Vietnam",19.91053,105.4039,14,14,11.0,5.0,,1.0,22.0,27.4,88.9,1006.2,1.0,Tốt
2025-05-09 16:00:00,"Thừa Thiên Huế/83 Hùng Vương, Vietnam",16.46226,107.596351,58,58,42.0,9.0,6.0,4.0,26.0,32.0,60.5,1003.0,2.8,Trung bình
2025-05-09 17:00:00,"Da Nang, Vietnam (TP Đà Nẵng)",16.074,108.217,31,31,22.0,2.0,19.0,,,28.0,74.0,1004.0,5.1,Tốt
2025-04-24 09:00:00,"Gia Lai/Phù Đổng, Thành phố Pleiku - KTTV - Trạm cảm biến, Vietnam",13.968848,108.017617,46,46,45.0,19.0,113.0,5.0,43.0,23.0,86.9,925.6,2.0,Tốt
2025-05-09 15:00:00,"Nha Trang, Vietnam",12.284358,109.192524,15,40,15.0,7.0,12.0,11.0,,33.5,59.0,1004.0,5.4,Tốt
2025-05-09 17:00:00,"Vũng Tàu/Tiểu học Tóc Tiên - TX.Phú Mỹ, Vietnam",10.589853,107.131743,65,43,65.0,3.0,8.0,8.0,6.0,33.0,70.0,1003.0,4.1,Trung bình
2025-05-09 17:00:00,"Vũng Tàu/Ngã tư Giếng nước - Tp.Vũng Tàu, Vietnam",10.367976,107.0844,12,12,12.0,7.0,6.0,3.0,3.0,32.5,71.6,1003.9,6.3,Tốt
2025-05-09 17:00:00,"Hà Nội/TT giao lưu văn hóa phố cổ - Hoàn Kiếm, Vietnam",21.035584,105.852771,65,65,24.0,0.1,27.9,,,32.0,66.0,1003.5,2.8,Trung bình
2025-05-09 18:00:00,"Hà Nội/Chi cục BVMT, Vietnam",21.01525,105.80013,82,82,,0.1,,,,32.0,66.0,1004.0,3.0,Trung bình
2025-05-09 18:00:00,"Bắc Ninh/UBND_xã Xuân Lâm, Vietnam",21.0243474,106.0172877,144,144,86.0,4.0,,68.0,,32.0,66.0,1004.0,3.0,Không tốt cho nhóm nhạy cảm
2025-05-09 17:00:00,"Hà Nội/UBND xã An Khánh - Hoài Đức, Vietnam",21.002383,105.718038,96,96,34.0,0.1,19.4,,,32.0,66.0,1003.5,2.8,Trung bình
2025-05-09 17:00:00,"Hà Nội/Mầm non Vân Hà – Đông Anh, Vietnam",21.148273,105.913306,81,81,29.0,0.1,6.4,,,32.0,66.0,1003.5,2.8,Trung bình
2025-05-09 18:00:00,"Bắc Ninh/Phù Xá - Văn Môn, Vietnam",21.1638526,105.9235646,12,12,10.0,1.0,,1.0,135.0,32.0,66.0,1004.0,3.0,Tốt
2025-05-09 15:00:00,"Thái nguyên/Đường Hùng Vương - Tp Thái Nguyên, Vietnam",21.593151,105.8431043,60,60,31.0,1.0,,,1.0,35.0,53.0,1004.0,3.6,Trung bình
2025-05-09 15:00:00,"Lạng Sơn/phường Chi Lăng - TP Lạng Sơn, Vietnam",21.843325,106.7506,-,16,1.0,1.0,,34.0,9.0,29.6,66.5,976.3,2.0,Không xác định
2025-05-09 18:00:00,"Viet Tri, Vietnam (Tp Việt Trì)",21.33847,105.3673,76,76,46.0,12.0,22.0,48.0,13.0,32.0,66.0,1004.0,3.0,Trung bình
2025-04-24 07:00:00,"Ninh Bình/Cúc Phương, Đông Phong, Nho Quan - KTTV - Trạm cảm biến, Vietnam",20.320741,105.745489,66,66,40.0,100.0,11.0,1.0,2.0,27.0,83.0,1008.0,3.0,Trung bình
2025-05-06 10:00:00,"Thanh Hoá/UBND P. Lam Sơn, TX. Bỉm Sơn, Vietnam",19.91053,105.4039,14,14,11.0,5.0,,1.0,22.0,27.4,88.9,1006.2,1.0,Tốt
2025-05-09 17:00:00,"Thừa Thiên Huế/83 Hùng Vương, Vietnam",16.46226,107.596351,38,38,30.0,8.0,6.0,4.0,26.0,31.5,58.5,1004.0,3.3,Tốt
2025-05-09 18:00:00,"Da Nang, Vietnam (TP Đà Nẵng)",16.074,108.217,30,30,23.0,2.0,19.0,,,27.0,83.0,1006.0,5.6,Tốt
2025-04-24 09:00:00,"Gia Lai/Phù Đổng, Thành phố Pleiku - KTTV - Trạm cảm biến, Vietnam",13.968848,108.017617,46,46,45.0,19.0,113.0,5.0,43.0,23.0,86.9,925.6,2.0,Tốt
2025-05-09 16:00:00,"Nha Trang, Vietnam",12.284358,109.192524,21,21,15.0,3.0,4.0,19.0,,32.5,62.5,1004.0,5.1,Tốt
2025-05-09 18:00:00,"Vũng Tàu/Tiểu học Tóc Tiên - TX.Phú Mỹ, Vietnam",10.589853,107.131743,66,46,66.0,4.0,6.0,6.0,5.0,32.0,74.0,1004.0,5.1,Trung bình
2025-05-09 18:00:00,"Vũng Tàu/Ngã tư Giếng nước - Tp.Vũng Tàu, Vietnam",10.367976,107.0844,13,12,13.0,8.0,7.0,3.0,3.0,31.4,73.6,1004.6,7.0,Tốt
2025-05-09 20:00:00,"Hà Nội/TT giao lưu văn hóa phố cổ - Hoàn Kiếm, Vietnam",21.035584,105.852771,48,48,19.0,0.1,26.9,,,30.0,79.0,1006.0,4.6,Tốt
2025-05-09 20:00:00,"Hà Nội/Chi cục BVMT, Vietnam",21.01525,105.80013,97,97,,0.1,,,,30.0,79.0,1006.0,4.6,Trung bình
2025-05-09 20:00:00,"Bắc Ninh/UBND_xã Xuân Lâm, Vietnam",21.0243474,106.0172877,157,157,91.0,5.0,,27.0,,30.5,68.0,1005.5,5.6,Không tốt
2025-05-09 19:00:00,"Hà Nội/UBND xã An Khánh - Hoài Đức, Vietnam",21.002383,105.718038,88,88,31.0,0.1,18.0,,,30.5,68.0,1005.5,5.6,Trung bình
2025-05-09 19:00:00,"Hà Nội/Mầm non Vân Hà – Đông Anh, Vietnam",21.148273,105.913306,75,75,27.0,0.1,6.8,,,30.5,68.0,1005.5,5.6,Trung bình
2025-05-09 20:00:00,"Bắc Ninh/Phù Xá - Văn Môn, Vietnam",21.1638526,105.9235646,14,14,12.0,1.0,,2.0,128.0,30.0,79.0,1006.0,4.6,Tốt
2025-05-09 15:00:00,"Thái nguyên/Đường Hùng Vương - Tp Thái Nguyên, Vietnam",21.593151,105.8431043,60,60,31.0,1.0,,,1.0,35.0,53.0,1004.0,3.6,Trung bình
2025-05-09 15:00:00,"Lạng Sơn/phường Chi Lăng - TP Lạng Sơn, Vietnam",21.843325,106.7506,-,16,1.0,1.0,,34.0,9.0,29.6,66.5,976.3,2.0,Không xác định
2025-05-09 20:00:00,"Viet Tri, Vietnam (Tp Việt Trì)",21.33847,105.3673,95,95,56.0,12.0,27.0,99.0,15.0,30.5,68.0,1005.5,5.6,Trung bình
2025-04-24 07:00:00,"Ninh Bình/Cúc Phương, Đông Phong, Nho Quan - KTTV - Trạm cảm biến, Vietnam",20.320741,105.745489,66,66,40.0,100.0,11.0,1.0,2.0,27.0,83.0,1008.0,3.0,Trung bình
2025-05-06 10:00:00,"Thanh Hoá/UBND P. Lam Sơn, TX. Bỉm Sơn, Vietnam",19.91053,105.4039,14,14,11.0,5.0,,1.0,22.0,27.4,88.9,1006.2,1.0,Tốt
2025-05-09 19:00:00,"Thừa Thiên Huế/83 Hùng Vương, Vietnam",16.46226,107.596351,22,21,22.0,9.0,6.0,4.0,26.0,30.0,58.0,1006.0,2.5,Tốt
2025-05-09 20:00:00,"Da Nang, Vietnam (TP Đà Nẵng)",16.074,108.217,22,22,16.0,3.0,19.0,,,27.0,83.0,1007.0,2.5,Tốt
2025-04-24 09:00:00,"Gia Lai/Phù Đổng, Thành phố Pleiku - KTTV - Trạm cảm biến, Vietnam",13.968848,108.017617,46,46,45.0,19.0,113.0,5.0,43.0,23.0,86.9,925.6,2.0,Tốt
2025-05-09 18:00:00,"Nha Trang, Vietnam",12.284358,109.192524,27,27,18.0,6.0,13.0,14.0,,31.0,62.0,1006.0,1.0,Tốt
2025-05-09 20:00:00,"Vũng Tàu/Tiểu học Tóc Tiên - TX.Phú Mỹ, Vietnam",10.589853,107.131743,51,40,51.0,6.0,4.0,5.0,92.0,29.0,79.0,1006.0,3.6,Trung bình
2025-05-09 20:00:00,"Vũng Tàu/Ngã tư Giếng nước - Tp.Vũng Tàu, Vietnam",10.367976,107.0844,10,10,10.0,3.0,4.0,5.0,3.0,28.8,77.0,1006.7,4.0,Tốt
2025-05-09 20:00:00,"Hà Nội/TT giao lưu văn hóa phố cổ - Hoàn Kiếm, Vietnam",21.035584,105.852771,48,48,19.0,0.1,26.9,,,30.0,79.0,1006.0,4.6,Tốt
2025-05-09 21:00:00,"Hà Nội/Chi cục BVMT, Vietnam",21.01525,105.80013,76,76,,0.1,,,,29.0,88.0,1007.0,5.1,Trung bình
2025-05-09 21:00:00,"Bắc Ninh/UBND_xã Xuân Lâm, Vietnam",21.0243474,106.0172877,157,157,93.0,3.0,,18.0,,30.0,81.5,1006.5,4.8,Không tốt
2025-05-09 20:00:00,"Hà Nội/UBND xã An Khánh - Hoài Đức, Vietnam",21.002383,105.718038,-,61,21.0,0.1,14.2,,,30.0,81.5,1006.5,4.8,Không xác định
2025-05-09 20:00:00,"Hà Nội/Mầm non Vân Hà – Đông Anh, Vietnam",21.148273,105.913306,75,75,26.0,0.1,7.1,,,30.0,81.5,1006.5,4.8,Trung bình
2025-05-09 21:00:00,"Bắc Ninh/Phù Xá - Văn Môn, Vietnam",21.1638526,105.9235646,14,14,11.0,1.0,,2.0,124.0,29.0,88.0,1007.0,5.1,Tốt
2025-05-09 15:00:00,"Thái nguyên/Đường Hùng Vương - Tp Thái Nguyên, Vietnam",21.593151,105.8431043,60,60,31.0,1.0,,,1.0,35.0,53.0,1004.0,3.6,Trung bình
2025-05-09 15:00:00,"Lạng Sơn/phường Chi Lăng - TP Lạng Sơn, Vietnam",21.843325,106.7506,-,16,1.0,1.0,,34.0,9.0,29.6,66.5,976.3,2.0,Không xác định
2025-05-09 21:00:00,"Viet Tri, Vietnam (Tp Việt Trì)",21.33847,105.3673,71,71,46.0,12.0,24.0,70.0,16.0,30.0,81.5,1006.5,4.8,Trung bình
2025-04-24 07:00:00,"Ninh Bình/Cúc Phương, Đông Phong, Nho Quan - KTTV - Trạm cảm biến, Vietnam",20.320741,105.745489,66,66,40.0,100.0,11.0,1.0,2.0,27.0,83.0,1008.0,3.0,Trung bình
2025-05-06 10:00:00,"Thanh Hoá/UBND P. Lam Sơn, TX. Bỉm Sơn, Vietnam",19.91053,105.4039,14,14,11.0,5.0,,1.0,22.0,27.4,88.9,1006.2,1.0,Tốt
2025-05-09 20:00:00,"Thừa Thiên Huế/83 Hùng Vương, Vietnam",16.46226,107.596351,17,16,17.0,9.0,6.0,4.0,26.0,30.0,62.0,1006.0,1.8,Tốt
2025-05-09 21:00:00,"Da Nang, Vietnam (TP Đà Nẵng)",16.074,108.217,20,20,15.0,2.0,19.0,,,27.0,83.0,1007.0,3.6,Tốt
2025-04-24 09:00:00,"Gia Lai/Phù Đổng, Thành phố Pleiku - KTTV - Trạm cảm biến, Vietnam",13.968848,108.017617,46,46,45.0,19.0,113.0,5.0,43.0,23.0,86.9,925.6,2.0,Tốt
2025-05-09 19:00:00,"Nha Trang, Vietnam",12.284358,109.192524,26,26,17.0,5.0,11.0,14.0,,31.0,60.0,1007.5,2.0,Tốt
2025-05-09 21:00:00,"Vũng Tàu/Tiểu học Tóc Tiên - TX.Phú Mỹ, Vietnam",10.589853,107.131743,53,53,52.0,4.0,5.0,5.0,99.0,29.0,79.0,1007.0,2.0,Trung bình
2025-05-09 21:00:00,"Vũng Tàu/Ngã tư Giếng nước - Tp.Vũng Tàu, Vietnam",10.367976,107.0844,10,10,10.0,3.0,3.0,5.0,3.0,28.8,75.0,1007.1,2.0,Tốt
2025-05-09 21:00:00,"Hà Nội/TT giao lưu văn hóa phố cổ - Hoàn Kiếm, Vietnam",21.035584,105.852771,-,46,18.0,0.1,27.6,,,29.0,85.5,1007.5,4.6,Không xác định
2025-05-09 22:00:00,"Hà Nội/Chi cục BVMT, Vietnam",21.01525,105.80013,-,72,,0.1,,,,29.0,83.0,1008.0,3.6,Không xác định
2025-05-09 22:00:00,"Bắc Ninh/UBND_xã Xuân Lâm, Vietnam",21.0243474,106.0172877,160,160,96.0,4.0,,11.0,,29.0,83.0,1008.0,3.6,Không tốt
2025-05-09 21:00:00,"Hà Nội/UBND xã An Khánh - Hoài Đức, Vietnam",21.002383,105.718038,-,54,18.0,0.1,13.0,,,29.0,85.5,1007.5,4.6,Không xác định
2025-05-09 21:00:00,"Hà Nội/Mầm non Vân Hà – Đông Anh, Vietnam",21.148273,105.913306,81,81,28.0,0.1,7.1,,,29.0,85.5,1007.5,4.6,Trung bình
2025-05-09 22:00:00,"Bắc Ninh/Phù Xá - Văn Môn, Vietnam",21.1638526,105.9235646,15,15,11.0,2.0,,2.0,121.0,29.0,85.5,1007.5,4.6,Tốt
2025-05-09 15:00:00,"Thái nguyên/Đường Hùng Vương - Tp Thái Nguyên, Vietnam",21.593151,105.8431043,60,60,31.0,1.0,,,1.0,35.0,53.0,1004.0,3.6,Trung bình
2025-05-09 15:00:00,"Lạng Sơn/phường Chi Lăng - TP Lạng Sơn, Vietnam",21.843325,106.7506,-,16,1.0,1.0,,34.0,9.0,29.6,66.5,976.3,2.0,Không xác định
2025-05-09 22:00:00,"Viet Tri, Vietnam (Tp Việt Trì)",21.33847,105.3673,57,57,37.0,12.0,28.0,45.0,17.0,29.0,85.5,1007.5,4.6,Trung bình
2025-04-24 07:00:00,"Ninh Bình/Cúc Phương, Đông Phong, Nho Quan - KTTV - Trạm cảm biến, Vietnam",20.320741,105.745489,66,66,40.0,100.0,11.0,1.0,2.0,27.0,83.0,1008.0,3.0,Trung bình
2025-05-06 10:00:00,"Thanh Hoá/UBND P. Lam Sơn, TX. Bỉm Sơn, Vietnam",19.91053,105.4039,14,14,11.0,5.0,,1.0,22.0,27.4,88.9,1006.2,1.0,Tốt
2025-05-09 21:00:00,"Thừa Thiên Huế/83 Hùng Vương, Vietnam",16.46226,107.596351,16,14,16.0,10.0,6.0,4.0,26.0,30.0,62.0,1006.5,2.0,Tốt
2025-05-09 22:00:00,"Da Nang, Vietnam (TP Đà Nẵng)",16.074,108.217,14,14,10.0,3.0,19.0,,,26.5,83.0,1008.0,4.3,Tốt
2025-04-24 09:00:00,"Gia Lai/Phù Đổng, Thành phố Pleiku - KTTV - Trạm cảm biến, Vietnam",13.968848,108.017617,46,46,45.0,19.0,113.0,5.0,43.0,23.0,86.9,925.6,2.0,Tốt
2025-05-09 20:00:00,"Nha Trang, Vietnam",12.284358,109.192524,30,30,19.0,5.0,10.0,13.0,,30.0,62.0,1008.0,2.0,Tốt
2025-05-09 22:00:00,"Vũng Tàu/Tiểu học Tóc Tiên - TX.Phú Mỹ, Vietnam",10.589853,107.131743,40,40,39.0,3.0,6.0,4.0,40.0,29.0,83.0,1007.0,1.0,Tốt
2025-05-09 22:00:00,"Vũng Tàu/Ngã tư Giếng nước - Tp.Vũng Tàu, Vietnam",10.367976,107.0844,10,10,10.0,2.0,3.0,4.0,3.0,30.0,74.0,1007.8,2.0,Tốt
